product_name,product_category,product_vendor,product_manufacturing_date,quantity,order_time,cust_name
iphone,mobile,apple,2025-07-15 06:00:00.000000,,,
s25,mobile,samsung,2025-07-15 06:00:00.000000,,,
s25,mobile,samsung,2025-07-15 06:00:00.000000,,,
oneplus,mobile,AT&T,2024-10-02 12:00:00.000000,,,
samsung,sam,sa,2025-07-15 19:48:13.000000,,,
Product_1753217210,Grocery,Vendor C,2025-07-22 15:46:50.478658,,,
Product_1753217216,Electronics,Vendor E,2025-07-22 15:46:56.705000,,,
Product_1753217221,Clothing,Vendor D,2025-07-22 15:47:01.710989,,,
Product_1753217330,Grocery,Vendor B,2025-07-22 15:48:50.258952,,,
Product_1753217335,Electronics,Vendor D,2025-07-22 15:48:55.544207,,,
Product_1753217340,Books,Vendor C,2025-07-22 15:49:00.555749,,,
Product_1753217345,Grocery,Vendor B,2025-07-22 15:49:05.564845,,,
Product_1753217350,Grocery,Vendor B,2025-07-22 15:49:10.570913,,,
Product_1753217355,Clothing,Vendor D,2025-07-22 15:49:15.959074,,,
Product_1753217360,Electronics,Vendor C,2025-07-22 15:49:20.965265,,,
Product_1753217365,Books,Vendor A,2025-07-22 15:49:25.976562,,,
Product_1753217370,Books,Vendor D,2025-07-22 15:49:30.986229,,,
Product_1753217375,Grocery,Vendor A,2025-07-22 15:49:35.996536,,,
Product_1753217381,Electronics,Vendor A,2025-07-22 15:49:41.092408,,,
Product_1753217386,Toys,Vendor C,2025-07-22 15:49:46.102899,,,
Product_1753217391,Electronics,Vendor E,2025-07-22 15:49:51.108258,,,
Product_1753217396,Grocery,Vendor C,2025-07-22 15:49:56.174929,,,
Product_1753217401,Electronics,Vendor A,2025-07-22 15:50:01.254671,,,
Product_1753217406,Grocery,Vendor B,2025-07-22 15:50:06.433490,,,
Product_1753217411,Electronics,Vendor E,2025-07-22 15:50:11.438944,,,
Product_1753217416,Clothing,Vendor B,2025-07-22 15:50:16.447358,,,
Product_1753217421,Toys,Vendor C,2025-07-22 15:50:21.549106,,,
Product_1753217426,Electronics,Vendor B,2025-07-22 15:50:26.555791,,,
Product_1753217431,Electronics,Vendor D,2025-07-22 15:50:31.560355,,,
Product_1753217436,Toys,Vendor B,2025-07-22 15:50:36.711642,,,
Product_1753217441,Grocery,Vendor B,2025-07-22 15:50:41.717299,,,
Product_1753217446,Electronics,Vendor B,2025-07-22 15:50:46.726880,,,
Product_1753217452,Grocery,Vendor E,2025-07-22 15:50:52.786821,,,
Product_1753217457,Electronics,Vendor B,2025-07-22 15:50:57.792975,,,
Product_1753217462,Books,Vendor D,2025-07-22 15:51:02.800363,,,
Product_1753217467,Toys,Vendor B,2025-07-22 15:51:07.829672,,,
Product_1753217472,Toys,Vendor D,2025-07-22 15:51:12.856726,,,
Product_1753217477,Grocery,Vendor D,2025-07-22 15:51:17.861207,,,
Product_1753217482,Electronics,Vendor E,2025-07-22 15:51:22.866585,,,
Product_1753217487,Clothing,Vendor E,2025-07-22 15:51:27.878279,,,
Product_1753217492,Grocery,Vendor D,2025-07-22 15:51:32.884237,,,
Product_1753217497,Toys,Vendor B,2025-07-22 15:51:37.934277,,,
Product_1753217502,Clothing,Vendor E,2025-07-22 15:51:42.969004,,,
Product_1753217508,Electronics,Vendor D,2025-07-22 15:51:48.000929,,,
Product_1753217513,Electronics,Vendor D,2025-07-22 15:51:53.011668,,,
Product_1753217518,Grocery,Vendor C,2025-07-22 15:51:58.020319,,,
Product_1753217523,Grocery,Vendor A,2025-07-22 15:52:03.025449,,,
Product_1753217528,Toys,Vendor B,2025-07-22 15:52:08.064637,,,
Product_1753217533,Books,Vendor D,2025-07-22 15:52:13.254368,,,
Product_1753217538,Toys,Vendor B,2025-07-22 15:52:18.259687,,,
Product_1753217543,Toys,Vendor A,2025-07-22 15:52:23.391827,,,
Product_1753217548,Toys,Vendor D,2025-07-22 15:52:28.454643,,,
Product_1753217554,Books,Vendor B,2025-07-22 15:52:34.322424,,,
Product_1753217559,Books,Vendor E,2025-07-22 15:52:39.473757,,,
Product_1753217564,Electronics,Vendor C,2025-07-22 15:52:44.624043,,,
Product_1753217569,Grocery,Vendor C,2025-07-22 15:52:49.634140,,,
Product_1753217574,Grocery,Vendor A,2025-07-22 15:52:54.639952,,,
Product_1753217579,Toys,Vendor A,2025-07-22 15:52:59.859169,,,
Product_1753217584,Electronics,Vendor B,2025-07-22 15:53:04.863666,,,
Product_1753217590,Grocery,Vendor E,2025-07-22 15:53:10.171840,,,
Product_1753217595,Clothing,Vendor E,2025-07-22 15:53:15.972515,,,
Product_1753217601,Electronics,Vendor D,2025-07-22 15:53:21.231611,,,
Product_1753217606,Books,Vendor C,2025-07-22 15:53:26.237789,,,
Product_1753217611,Books,Vendor A,2025-07-22 15:53:31.243285,,,
Product_1753217616,Clothing,Vendor D,2025-07-22 15:53:36.326031,,,
Product_1753217621,Books,Vendor E,2025-07-22 15:53:41.331969,,,
Product_1753217626,Electronics,Vendor D,2025-07-22 15:53:46.377710,,,
Product_1753217631,Clothing,Vendor B,2025-07-22 15:53:51.382752,,,
Product_1753217636,Books,Vendor A,2025-07-22 15:53:56.498648,,,
Product_1753217641,Books,Vendor E,2025-07-22 15:54:01.539503,,,
Product_1753217646,Books,Vendor D,2025-07-22 15:54:06.545336,,,
Product_1753217651,Toys,Vendor E,2025-07-22 15:54:11.668696,,,
Product_1753217656,Grocery,Vendor C,2025-07-22 15:54:16.679759,,,
Product_1753217661,Electronics,Vendor A,2025-07-22 15:54:21.689193,,,
Product_1753217666,Grocery,Vendor E,2025-07-22 15:54:26.698631,,,
Product_1753217671,Grocery,Vendor E,2025-07-22 15:54:31.708267,,,
Product_1753217676,Books,Vendor A,2025-07-22 15:54:36.718651,,,
Product_1753217681,Electronics,Vendor A,2025-07-22 15:54:41.727881,,,
Product_1753217687,Books,Vendor E,2025-07-22 15:54:47.049108,,,
Product_1753217692,Books,Vendor C,2025-07-22 15:54:52.059499,,,
Product_1753217697,Toys,Vendor A,2025-07-22 15:54:57.064916,,,
Product_1753217702,Toys,Vendor D,2025-07-22 15:55:02.104772,,,
Product_1753217707,Toys,Vendor A,2025-07-22 15:55:07.116313,,,
Product_1753217712,Electronics,Vendor B,2025-07-22 15:55:12.127793,,,
Product_1753217717,Electronics,Vendor B,2025-07-22 15:55:17.139274,,,
Product_1753217722,Grocery,Vendor A,2025-07-22 15:55:22.143660,,,
Product_1753217727,Electronics,Vendor E,2025-07-22 15:55:27.148654,,,
Product_1753217732,Electronics,Vendor D,2025-07-22 15:55:32.153262,,,
Product_1753217737,Electronics,Vendor E,2025-07-22 15:55:37.163713,,,
Product_1753217742,Books,Vendor C,2025-07-22 15:55:42.168872,,,
Product_1753217747,Books,Vendor C,2025-07-22 15:55:47.179508,,,
Product_1753217752,Grocery,Vendor E,2025-07-22 15:55:52.190209,,,
Product_1753217757,Grocery,Vendor D,2025-07-22 15:55:57.195419,,,
Product_1753217762,Toys,Vendor A,2025-07-22 15:56:02.207034,,,
Product_1753217767,Clothing,Vendor E,2025-07-22 15:56:07.218173,,,
Product_1753217772,Electronics,Vendor E,2025-07-22 15:56:12.229897,,,
Product_1753217777,Books,Vendor D,2025-07-22 15:56:17.241093,,,
Product_1753217782,Toys,Vendor C,2025-07-22 15:56:22.255659,,,
Product_1753217787,Grocery,Vendor B,2025-07-22 15:56:27.267052,,,
Product_1753217792,Toys,Vendor B,2025-07-22 15:56:32.276098,,,
Product_1753217797,Grocery,Vendor A,2025-07-22 15:56:37.281616,,,
Product_1753217805,Books,Vendor D,2025-07-22 15:56:45.399749,,,
Product_1753217810,Clothing,Vendor A,2025-07-22 15:56:50.404039,,,
Product_1753217815,Clothing,Vendor A,2025-07-22 15:56:55.412437,,,
Product_1753217820,Books,Vendor E,2025-07-22 15:57:00.423692,,,
Product_1753217825,Electronics,Vendor C,2025-07-22 15:57:05.435579,,,
Product_1753217830,Toys,Vendor A,2025-07-22 15:57:10.446691,,,
Product_1753217835,Toys,Vendor B,2025-07-22 15:57:15.458313,,,
Product_1753217840,Books,Vendor A,2025-07-22 15:57:20.468191,,,
Product_1753217845,Toys,Vendor D,2025-07-22 15:57:25.473367,,,
Product_1753217850,Toys,Vendor D,2025-07-22 15:57:30.483002,,,
Product_1753217855,Grocery,Vendor A,2025-07-22 15:57:35.488737,,,
Product_1753217860,Clothing,Vendor D,2025-07-22 15:57:40.925400,,,
Product_1753217865,Grocery,Vendor E,2025-07-22 15:57:45.930290,,,
Product_1753217870,Toys,Vendor C,2025-07-22 15:57:50.942164,,,
Product_1753217875,Grocery,Vendor E,2025-07-22 15:57:55.957075,,,
Product_1753217880,Clothing,Vendor A,2025-07-22 15:58:00.966654,,,
Product_1753217885,Books,Vendor C,2025-07-22 15:58:05.978011,,,
Product_1753217890,Grocery,Vendor C,2025-07-22 15:58:10.987347,,,
Product_1753217895,Electronics,Vendor E,2025-07-22 15:58:15.996022,,,
Product_1753217901,Books,Vendor B,2025-07-22 15:58:21.007329,,,
Product_1753217906,Electronics,Vendor A,2025-07-22 15:58:26.026125,,,
Product_1753217911,Books,Vendor C,2025-07-22 15:58:31.031397,,,
Product_1753217916,Toys,Vendor E,2025-07-22 15:58:36.036433,,,
Product_1753217921,Toys,Vendor A,2025-07-22 15:58:41.046215,,,
Product_1753217926,Grocery,Vendor B,2025-07-22 15:58:46.051327,,,
Product_1753217931,Books,Vendor C,2025-07-22 15:58:51.068412,,,
Product_1753217936,Electronics,Vendor D,2025-07-22 15:58:56.080422,,,
Product_1753217941,Books,Vendor D,2025-07-22 15:59:01.090932,,,
Product_1753217946,Toys,Vendor E,2025-07-22 15:59:06.101301,,,
Product_1753217951,Toys,Vendor E,2025-07-22 15:59:11.111812,,,
Product_1753217956,Clothing,Vendor D,2025-07-22 15:59:16.117447,,,
Product_1753217961,Grocery,Vendor B,2025-07-22 15:59:21.128616,,,
Product_1753217966,Books,Vendor B,2025-07-22 15:59:26.134811,,,
Product_1753217971,Clothing,Vendor B,2025-07-22 15:59:31.149899,,,
Product_1753217976,Toys,Vendor C,2025-07-22 15:59:36.155152,,,
Product_1753217981,Electronics,Vendor B,2025-07-22 15:59:41.166580,,,
Product_1753217986,Books,Vendor B,2025-07-22 15:59:46.176492,,,
Product_1753217991,Clothing,Vendor D,2025-07-22 15:59:51.182728,,,
Product_1753217996,Clothing,Vendor C,2025-07-22 15:59:56.187643,,,
Product_1753218001,Clothing,Vendor C,2025-07-22 16:00:01.295812,,,
Product_1753218006,Electronics,Vendor C,2025-07-22 16:00:06.304098,,,
Product_1753218011,Grocery,Vendor B,2025-07-22 16:00:11.314886,,,
Product_1753218016,Toys,Vendor C,2025-07-22 16:00:16.324112,,,
Product_1753218021,Clothing,Vendor C,2025-07-22 16:00:21.335772,,,
Product_1753218026,Grocery,Vendor D,2025-07-22 16:00:26.344861,,,
Product_1753218031,Books,Vendor A,2025-07-22 16:00:31.358849,,,
Product_1753218036,Books,Vendor D,2025-07-22 16:00:36.363534,,,
Product_1753218041,Books,Vendor B,2025-07-22 16:00:41.375609,,,
Product_1753218046,Clothing,Vendor D,2025-07-22 16:00:46.386963,,,
Product_1753218051,Electronics,Vendor A,2025-07-22 16:00:51.392358,,,
Product_1753218056,Books,Vendor A,2025-07-22 16:00:56.400580,,,
Product_1753218061,Books,Vendor C,2025-07-22 16:01:01.405832,,,
Product_1753218066,Grocery,Vendor C,2025-07-22 16:01:06.414057,,,
Product_1753218071,Books,Vendor E,2025-07-22 16:01:11.425207,,,
Product_1753218076,Toys,Vendor B,2025-07-22 16:01:16.436391,,,
Product_1753218081,Books,Vendor C,2025-07-22 16:01:21.443847,,,
Product_1753218086,Toys,Vendor D,2025-07-22 16:01:26.451829,,,
Product_1753218091,Electronics,Vendor A,2025-07-22 16:01:31.456901,,,
Product_1753218096,Books,Vendor E,2025-07-22 16:01:36.467736,,,
Product_1753218101,Toys,Vendor A,2025-07-22 16:01:41.476841,,,
Product_1753218106,Electronics,Vendor D,2025-07-22 16:01:46.486462,,,
Product_1753218111,Clothing,Vendor D,2025-07-22 16:01:51.491544,,,
Product_1753218116,Toys,Vendor E,2025-07-22 16:01:56.496812,,,
Product_1753218121,Toys,Vendor A,2025-07-22 16:02:01.506249,,,
Product_1753218126,Toys,Vendor E,2025-07-22 16:02:06.514782,,,
Product_1753218131,Electronics,Vendor C,2025-07-22 16:02:11.526244,,,
Product_1753218136,Grocery,Vendor D,2025-07-22 16:02:16.537352,,,
Product_1753218141,Grocery,Vendor B,2025-07-22 16:02:21.543290,,,
Product_1753218146,Electronics,Vendor A,2025-07-22 16:02:26.548658,,,
Product_1753218151,Books,Vendor C,2025-07-22 16:02:31.554904,,,
Product_1753218156,Grocery,Vendor D,2025-07-22 16:02:36.564844,,,
Product_1753218161,Clothing,Vendor B,2025-07-22 16:02:41.574858,,,
Product_1753218166,Toys,Vendor D,2025-07-22 16:02:46.583730,,,
Product_1753218171,Toys,Vendor D,2025-07-22 16:02:51.590068,,,
Product_1753218176,Clothing,Vendor A,2025-07-22 16:02:56.599606,,,
Product_1753218181,Grocery,Vendor C,2025-07-22 16:03:01.611451,,,
Product_1753218186,Toys,Vendor E,2025-07-22 16:03:06.621787,,,
Product_1753218191,Clothing,Vendor D,2025-07-22 16:03:11.626518,,,
Product_1753218196,Clothing,Vendor A,2025-07-22 16:03:16.636256,,,
Product_1753218201,Electronics,Vendor C,2025-07-22 16:03:21.645342,,,
Product_1753218206,Books,Vendor A,2025-07-22 16:03:26.654546,,,
Product_1753218211,Electronics,Vendor B,2025-07-22 16:03:31.664641,,,
Product_1753218216,Electronics,Vendor B,2025-07-22 16:03:36.673450,,,
Product_1753218221,Grocery,Vendor C,2025-07-22 16:03:41.682970,,,
Product_1753218226,Books,Vendor B,2025-07-22 16:03:46.692176,,,
Product_1753218231,Clothing,Vendor D,2025-07-22 16:03:51.701757,,,
Product_1753218236,Clothing,Vendor E,2025-07-22 16:03:56.707101,,,
Product_1753218241,Books,Vendor B,2025-07-22 16:04:01.716845,,,
Product_1753218246,Toys,Vendor B,2025-07-22 16:04:06.725338,,,
Product_1753218251,Electronics,Vendor D,2025-07-22 16:04:11.730162,,,
Product_1753218256,Electronics,Vendor E,2025-07-22 16:04:16.741288,,,
Product_1753218261,Toys,Vendor E,2025-07-22 16:04:21.751206,,,
Product_1753218266,Books,Vendor E,2025-07-22 16:04:26.762354,,,
Product_1753218271,Books,Vendor C,2025-07-22 16:04:31.774044,,,
Product_1753218276,Toys,Vendor D,2025-07-22 16:04:36.784616,,,
Product_1753218281,Toys,Vendor E,2025-07-22 16:04:41.788936,,,
Product_1753218286,Clothing,Vendor E,2025-07-22 16:04:46.800608,,,
Product_1753218291,Books,Vendor E,2025-07-22 16:04:51.810380,,,
Product_1753218296,Books,Vendor E,2025-07-22 16:04:56.828420,,,
Product_1753218301,Toys,Vendor D,2025-07-22 16:05:01.839901,,,
Product_1753218306,Grocery,Vendor E,2025-07-22 16:05:06.848595,,,
Product_1753218311,Books,Vendor B,2025-07-22 16:05:11.862250,,,
Product_1753218316,Toys,Vendor E,2025-07-22 16:05:16.873869,,,
Product_1753218321,Toys,Vendor E,2025-07-22 16:05:21.884172,,,
Product_1753218326,Grocery,Vendor C,2025-07-22 16:05:26.893187,,,
Product_1753218331,Clothing,Vendor B,2025-07-22 16:05:31.904719,,,
Product_1753218336,Electronics,Vendor B,2025-07-22 16:05:36.909715,,,
Product_1753218341,Grocery,Vendor D,2025-07-22 16:05:41.914495,,,
Product_1753218346,Toys,Vendor B,2025-07-22 16:05:46.931221,,,
Product_1753218351,Clothing,Vendor D,2025-07-22 16:05:51.935563,,,
Product_1753218356,Clothing,Vendor D,2025-07-22 16:05:56.941038,,,
Product_1753218361,Books,Vendor C,2025-07-22 16:06:01.966300,,,
Product_1753218366,Books,Vendor B,2025-07-22 16:06:06.971326,,,
Product_1753218371,Grocery,Vendor D,2025-07-22 16:06:11.976479,,,
Product_1753218376,Books,Vendor B,2025-07-22 16:06:16.987700,,,
Product_1753218381,Grocery,Vendor A,2025-07-22 16:06:21.993337,,,
Product_1753218386,Electronics,Vendor E,2025-07-22 16:06:26.999260,,,
Product_1753218392,Electronics,Vendor C,2025-07-22 16:06:32.009695,,,
Product_1753218397,Electronics,Vendor E,2025-07-22 16:06:37.018319,,,
Product_1753218402,Grocery,Vendor D,2025-07-22 16:06:42.027084,,,
Product_1753218407,Clothing,Vendor C,2025-07-22 16:06:47.044441,,,
Product_1753218412,Clothing,Vendor C,2025-07-22 16:06:52.049724,,,
Product_1753218417,Electronics,Vendor E,2025-07-22 16:06:57.059109,,,
Product_1753218422,Clothing,Vendor D,2025-07-22 16:07:02.064498,,,
Product_1753218427,Grocery,Vendor B,2025-07-22 16:07:07.072880,,,
Product_1753218432,Books,Vendor E,2025-07-22 16:07:12.081698,,,
Product_1753218437,Grocery,Vendor C,2025-07-22 16:07:17.087286,,,
Product_1753218442,Clothing,Vendor B,2025-07-22 16:07:22.098160,,,
Product_1753218447,Toys,Vendor E,2025-07-22 16:07:27.103846,,,
Product_1753218452,Clothing,Vendor E,2025-07-22 16:07:32.108743,,,
Product_1753218457,Clothing,Vendor E,2025-07-22 16:07:37.120178,,,
Product_1753218462,Toys,Vendor B,2025-07-22 16:07:42.130295,,,
Product_1753218467,Grocery,Vendor D,2025-07-22 16:07:47.140877,,,
Product_1753218472,Clothing,Vendor D,2025-07-22 16:07:52.153137,,,
Product_1753218477,Toys,Vendor A,2025-07-22 16:07:57.164534,,,
Product_1753218482,Toys,Vendor C,2025-07-22 16:08:02.174868,,,
Product_1753218487,Toys,Vendor B,2025-07-22 16:08:07.179363,,,
Product_1753218492,Toys,Vendor B,2025-07-22 16:08:12.191737,,,
Product_1753218497,Clothing,Vendor D,2025-07-22 16:08:17.199752,,,
Product_1753218502,Electronics,Vendor C,2025-07-22 16:08:22.205125,,,
Product_1753218507,Toys,Vendor E,2025-07-22 16:08:27.216529,,,
Product_1753218512,Grocery,Vendor D,2025-07-22 16:08:32.221612,,,
Product_1753218517,Clothing,Vendor C,2025-07-22 16:08:37.231088,,,
Product_1753218522,Clothing,Vendor E,2025-07-22 16:08:42.240533,,,
Product_1753218527,Clothing,Vendor D,2025-07-22 16:08:47.246229,,,
Product_1753218532,Toys,Vendor E,2025-07-22 16:08:52.255733,,,
Product_1753218537,Books,Vendor E,2025-07-22 16:08:57.265314,,,
Product_1753218542,Grocery,Vendor A,2025-07-22 16:09:02.273626,,,
Product_1753218547,Grocery,Vendor B,2025-07-22 16:09:07.278841,,,
Product_1753218552,Electronics,Vendor E,2025-07-22 16:09:12.288456,,,
Product_1753218557,Toys,Vendor E,2025-07-22 16:09:17.293796,,,
Product_1753218562,Books,Vendor E,2025-07-22 16:09:22.299088,,,
Product_1753218567,Books,Vendor D,2025-07-22 16:09:27.308106,,,
Product_1753218572,Toys,Vendor C,2025-07-22 16:09:32.313153,,,
Product_1753218577,Books,Vendor A,2025-07-22 16:09:37.324248,,,
Product_1753218582,Books,Vendor E,2025-07-22 16:09:42.333300,,,
Product_1753218587,Clothing,Vendor D,2025-07-22 16:09:47.342437,,,
Product_1753218592,Electronics,Vendor D,2025-07-22 16:09:52.348000,,,
Product_1753218597,Toys,Vendor A,2025-07-22 16:09:57.353636,,,
Product_1753218602,Electronics,Vendor E,2025-07-22 16:10:02.359064,,,
Product_1753218607,Clothing,Vendor A,2025-07-22 16:10:07.370531,,,
Product_1753218612,Books,Vendor A,2025-07-22 16:10:12.376144,,,
Product_1753218617,Clothing,Vendor A,2025-07-22 16:10:17.387221,,,
Product_1753218622,Books,Vendor D,2025-07-22 16:10:22.392779,,,
Product_1753218627,Books,Vendor A,2025-07-22 16:10:27.403159,,,
Product_1753218632,Books,Vendor D,2025-07-22 16:10:32.415073,,,
Product_1753218637,Toys,Vendor A,2025-07-22 16:10:37.421160,,,
Product_1753218642,Clothing,Vendor B,2025-07-22 16:10:42.425816,,,
Product_1753218647,Toys,Vendor A,2025-07-22 16:10:47.430524,,,
Product_1753218652,Toys,Vendor C,2025-07-22 16:10:52.435943,,,
Product_1753218657,Clothing,Vendor A,2025-07-22 16:10:57.440384,,,
Product_1753218662,Electronics,Vendor C,2025-07-22 16:11:02.445900,,,
Product_1753218667,Toys,Vendor D,2025-07-22 16:11:07.451431,,,
Product_1753218672,Toys,Vendor B,2025-07-22 16:11:12.462344,,,
Product_1753218677,Grocery,Vendor A,2025-07-22 16:11:17.471663,,,
Product_1753218682,Books,Vendor A,2025-07-22 16:11:22.477971,,,
Product_1753218687,Books,Vendor E,2025-07-22 16:11:27.486696,,,
Product_1753218692,Grocery,Vendor D,2025-07-22 16:11:32.491627,,,
Product_1753218697,Books,Vendor A,2025-07-22 16:11:37.502733,,,
Product_1753218702,Electronics,Vendor C,2025-07-22 16:11:42.514309,,,
Product_1753218707,Clothing,Vendor C,2025-07-22 16:11:47.525338,,,
Product_1753218712,Grocery,Vendor A,2025-07-22 16:11:52.530940,,,
Product_1753218717,Grocery,Vendor C,2025-07-22 16:11:57.542290,,,
Product_1753218722,Electronics,Vendor C,2025-07-22 16:12:02.550874,,,
Product_1753218727,Books,Vendor B,2025-07-22 16:12:07.555894,,,
Product_1753218732,Electronics,Vendor C,2025-07-22 16:12:12.567021,,,
Product_1753218737,Grocery,Vendor B,2025-07-22 16:12:17.575973,,,
Product_1753218742,Electronics,Vendor A,2025-07-22 16:12:22.582826,,,
Product_1753218747,Toys,Vendor D,2025-07-22 16:12:27.591906,,,
Product_1753218752,Toys,Vendor D,2025-07-22 16:12:32.604148,,,
Product_1753218757,Books,Vendor D,2025-07-22 16:12:37.612650,,,
Product_1753218762,Books,Vendor D,2025-07-22 16:12:42.621902,,,
Product_1753218767,Clothing,Vendor C,2025-07-22 16:12:47.632786,,,
Product_1753218772,Toys,Vendor C,2025-07-22 16:12:52.641570,,,
Product_1753218777,Grocery,Vendor C,2025-07-22 16:12:57.652710,,,
Product_1753218782,Books,Vendor A,2025-07-22 16:13:02.664396,,,
Product_1753218787,Books,Vendor B,2025-07-22 16:13:07.674555,,,
Product_1753218792,Toys,Vendor D,2025-07-22 16:13:12.685609,,,
Product_1753218797,Toys,Vendor B,2025-07-22 16:13:17.695993,,,
Product_1753218802,Toys,Vendor C,2025-07-22 16:13:22.706729,,,
Product_1753218807,Electronics,Vendor C,2025-07-22 16:13:27.711959,,,
Product_1753218812,Grocery,Vendor C,2025-07-22 16:13:32.717933,,,
Product_1753218817,Clothing,Vendor B,2025-07-22 16:13:37.727297,,,
Product_1753218822,Toys,Vendor B,2025-07-22 16:13:42.736190,,,
Product_1753218827,Toys,Vendor E,2025-07-22 16:13:47.741491,,,
Product_1753218832,Books,Vendor E,2025-07-22 16:13:52.750217,,,
Product_1753218837,Clothing,Vendor C,2025-07-22 16:13:57.761293,,,
Product_1753218842,Clothing,Vendor D,2025-07-22 16:14:02.772332,,,
Product_1753218847,Clothing,Vendor A,2025-07-22 16:14:07.783215,,,
Product_1753218852,Clothing,Vendor C,2025-07-22 16:14:12.794613,,,
Product_1753218857,Grocery,Vendor D,2025-07-22 16:14:17.799625,,,
Product_1753218862,Grocery,Vendor D,2025-07-22 16:14:22.809965,,,
Product_1753218867,Clothing,Vendor B,2025-07-22 16:14:27.817553,,,
Product_1753218872,Books,Vendor E,2025-07-22 16:14:32.827892,,,
Product_1753218877,Clothing,Vendor E,2025-07-22 16:14:37.939535,,,
Product_1753218882,Electronics,Vendor B,2025-07-22 16:14:42.945966,,,
Product_1753218887,Books,Vendor B,2025-07-22 16:14:47.953306,,,
Product_1753218892,Toys,Vendor B,2025-07-22 16:14:52.964482,,,
Product_1753218897,Books,Vendor B,2025-07-22 16:14:57.969977,,,
Product_1753218902,Toys,Vendor E,2025-07-22 16:15:02.981431,,,
Product_1753218907,Toys,Vendor D,2025-07-22 16:15:07.991962,,,
Product_1753218912,Books,Vendor E,2025-07-22 16:15:12.998991,,,
Product_1753218918,Books,Vendor D,2025-07-22 16:15:18.010162,,,
Product_1753218923,Electronics,Vendor B,2025-07-22 16:15:23.021177,,,
Product_1753218928,Toys,Vendor C,2025-07-22 16:15:28.032556,,,
Product_1753218933,Toys,Vendor E,2025-07-22 16:15:33.043731,,,
Product_1753218938,Books,Vendor D,2025-07-22 16:15:38.055319,,,
Product_1753218943,Books,Vendor B,2025-07-22 16:15:43.066565,,,
Product_1753218948,Books,Vendor D,2025-07-22 16:15:48.075648,,,
Product_1753218953,Books,Vendor A,2025-07-22 16:15:53.084283,,,
Product_1753218958,Electronics,Vendor A,2025-07-22 16:15:58.094365,,,
Product_1753218963,Clothing,Vendor C,2025-07-22 16:16:03.103507,,,
Product_1753218968,Grocery,Vendor A,2025-07-22 16:16:08.112923,,,
Product_1753218973,Electronics,Vendor A,2025-07-22 16:16:13.122767,,,
Product_1753218978,Books,Vendor D,2025-07-22 16:16:18.133976,,,
Product_1753218983,Books,Vendor C,2025-07-22 16:16:23.142776,,,
Product_1753218988,Electronics,Vendor A,2025-07-22 16:16:28.151377,,,
Product_1753218993,Books,Vendor B,2025-07-22 16:16:33.159047,,,
Product_1753218998,Clothing,Vendor B,2025-07-22 16:16:38.172673,,,
Product_1753219003,Clothing,Vendor C,2025-07-22 16:16:43.182507,,,
Product_1753219008,Grocery,Vendor C,2025-07-22 16:16:48.192160,,,
Product_1753219013,Grocery,Vendor A,2025-07-22 16:16:53.200869,,,
Product_1753219018,Grocery,Vendor A,2025-07-22 16:16:58.209176,,,
Product_1753219023,Clothing,Vendor B,2025-07-22 16:17:03.218502,,,
Product_1753219028,Grocery,Vendor E,2025-07-22 16:17:08.227783,,,
Product_1753219033,Clothing,Vendor C,2025-07-22 16:17:13.237652,,,
Product_1753219038,Toys,Vendor E,2025-07-22 16:17:18.243528,,,
Product_1753219043,Electronics,Vendor C,2025-07-22 16:17:23.248857,,,
Product_1753219048,Electronics,Vendor B,2025-07-22 16:17:28.258600,,,
Product_1753219053,Grocery,Vendor E,2025-07-22 16:17:33.268932,,,
Product_1753219058,Electronics,Vendor A,2025-07-22 16:17:38.277308,,,
Product_1753219063,Grocery,Vendor E,2025-07-22 16:17:43.287552,,,
Product_1753219068,Clothing,Vendor E,2025-07-22 16:17:48.293107,,,
Product_1753219073,Clothing,Vendor E,2025-07-22 16:17:53.304492,,,
Product_1753219078,Books,Vendor C,2025-07-22 16:17:58.313681,,,
Product_1753219083,Grocery,Vendor B,2025-07-22 16:18:03.318914,,,
Product_1753219088,Toys,Vendor D,2025-07-22 16:18:08.330865,,,
Product_1753219093,Grocery,Vendor E,2025-07-22 16:18:13.339953,,,
Product_1753219098,Clothing,Vendor A,2025-07-22 16:18:18.345752,,,
Product_1753219103,Books,Vendor E,2025-07-22 16:18:23.356595,,,
Product_1753219108,Grocery,Vendor B,2025-07-22 16:18:28.367314,,,
Product_1753219113,Clothing,Vendor B,2025-07-22 16:18:33.372948,,,
Product_1753219118,Clothing,Vendor A,2025-07-22 16:18:38.383645,,,
Product_1753219123,Books,Vendor E,2025-07-22 16:18:43.397124,,,
Product_1753219128,Grocery,Vendor D,2025-07-22 16:18:48.408139,,,
Product_1753219133,Toys,Vendor A,2025-07-22 16:18:53.418519,,,
Product_1753219138,Toys,Vendor D,2025-07-22 16:18:58.427484,,,
Product_1753219143,Clothing,Vendor B,2025-07-22 16:19:03.436404,,,
Product_1753219148,Clothing,Vendor C,2025-07-22 16:19:08.447588,,,
Product_1753219153,Grocery,Vendor B,2025-07-22 16:19:13.456786,,,
Product_1753219158,Toys,Vendor A,2025-07-22 16:19:18.468389,,,
Product_1753219163,Grocery,Vendor A,2025-07-22 16:19:23.478625,,,
Product_1753219168,Grocery,Vendor A,2025-07-22 16:19:28.488980,,,
Product_1753219173,Clothing,Vendor E,2025-07-22 16:19:33.498110,,,
Product_1753219178,Toys,Vendor B,2025-07-22 16:19:38.508996,,,
Product_1753219183,Grocery,Vendor E,2025-07-22 16:19:43.520012,,,
Product_1753219188,Grocery,Vendor A,2025-07-22 16:19:48.529685,,,
Product_1753219193,Toys,Vendor E,2025-07-22 16:19:53.540428,,,
Product_1753219198,Books,Vendor A,2025-07-22 16:19:58.550768,,,
Product_1753219203,Toys,Vendor B,2025-07-22 16:20:03.562098,,,
Product_1753219208,Books,Vendor D,2025-07-22 16:20:08.573293,,,
Product_1753219213,Electronics,Vendor A,2025-07-22 16:20:13.584395,,,
Product_1753219218,Books,Vendor E,2025-07-22 16:20:18.589763,,,
Product_1753219223,Clothing,Vendor B,2025-07-22 16:20:23.596111,,,
Product_1753219228,Books,Vendor A,2025-07-22 16:20:28.600526,,,
Product_1753219233,Grocery,Vendor B,2025-07-22 16:20:33.605733,,,
Product_1753219238,Electronics,Vendor A,2025-07-22 16:20:38.609890,,,
Product_1753219243,Grocery,Vendor A,2025-07-22 16:20:43.621583,,,
Product_1753219248,Clothing,Vendor B,2025-07-22 16:20:48.721873,,,
Product_1753219253,Clothing,Vendor D,2025-07-22 16:20:53.726429,,,
Product_1753219258,Toys,Vendor C,2025-07-22 16:20:58.735360,,,
Product_1753219263,Electronics,Vendor C,2025-07-22 16:21:03.744505,,,
Product_1753219268,Electronics,Vendor B,2025-07-22 16:21:08.748973,,,
Product_1753219273,Clothing,Vendor C,2025-07-22 16:21:13.861989,,,
Product_1753219278,Toys,Vendor E,2025-07-22 16:21:18.876737,,,
Product_1753219283,Clothing,Vendor A,2025-07-22 16:21:23.886595,,,
Product_1753219288,Toys,Vendor D,2025-07-22 16:21:28.897917,,,
Product_1753219293,Toys,Vendor B,2025-07-22 16:21:33.909221,,,
Product_1753219298,Grocery,Vendor E,2025-07-22 16:21:38.939523,,,
Product_1753219303,Books,Vendor E,2025-07-22 16:21:43.949847,,,
Product_1753219308,Toys,Vendor E,2025-07-22 16:21:48.960823,,,
Product_1753219313,Toys,Vendor D,2025-07-22 16:21:53.970188,,,
Product_1753219318,Electronics,Vendor D,2025-07-22 16:21:58.981376,,,
Product_1753219323,Books,Vendor B,2025-07-22 16:22:03.992510,,,
Product_1753219329,Clothing,Vendor D,2025-07-22 16:22:09.003376,,,
Product_1753219334,Grocery,Vendor B,2025-07-22 16:22:14.014230,,,
Product_1753219339,Clothing,Vendor E,2025-07-22 16:22:19.025654,,,
Product_1753219344,Electronics,Vendor D,2025-07-22 16:22:24.035130,,,
Product_1753219349,Toys,Vendor B,2025-07-22 16:22:29.039619,,,
Product_1753219354,Toys,Vendor D,2025-07-22 16:22:34.050566,,,
Product_1753219359,Toys,Vendor D,2025-07-22 16:22:39.061479,,,
Product_1753219364,Clothing,Vendor E,2025-07-22 16:22:44.066942,,,
Product_1753219369,Electronics,Vendor A,2025-07-22 16:22:49.076617,,,
Product_1753219374,Grocery,Vendor B,2025-07-22 16:22:54.085865,,,
Product_1753219379,Books,Vendor D,2025-07-22 16:22:59.092248,,,
Product_1753219384,Books,Vendor C,2025-07-22 16:23:04.097731,,,
Product_1753219389,Books,Vendor A,2025-07-22 16:23:09.103713,,,
Product_1753219394,Toys,Vendor C,2025-07-22 16:23:14.109402,,,
Product_1753219399,Electronics,Vendor A,2025-07-22 16:23:19.121875,,,
Product_1753219404,Electronics,Vendor C,2025-07-22 16:23:24.129619,,,
Product_1753219409,Toys,Vendor D,2025-07-22 16:23:29.134624,,,
Product_1753219414,Grocery,Vendor A,2025-07-22 16:23:34.142566,,,
Product_1753219419,Clothing,Vendor E,2025-07-22 16:23:39.152850,,,
Product_1753219424,Books,Vendor D,2025-07-22 16:23:44.158618,,,
Product_1753219429,Books,Vendor A,2025-07-22 16:23:49.164428,,,
Product_1753219434,Clothing,Vendor D,2025-07-22 16:23:54.179257,,,
Product_1753219439,Books,Vendor C,2025-07-22 16:23:59.186059,,,
Product_1753219444,Books,Vendor B,2025-07-22 16:24:04.191904,,,
Product_1753219449,Toys,Vendor D,2025-07-22 16:24:09.512428,,,
Product_1753219454,Clothing,Vendor B,2025-07-22 16:24:14.521727,,,
Product_1753219459,Clothing,Vendor B,2025-07-22 16:24:19.530215,,,
Product_1753219464,Grocery,Vendor C,2025-07-22 16:24:24.536042,,,
Product_1753219469,Books,Vendor E,2025-07-22 16:24:29.545754,,,
Product_1753219474,Books,Vendor E,2025-07-22 16:24:34.550569,,,
Product_1753219479,Toys,Vendor A,2025-07-22 16:24:39.561610,,,
Product_1753219484,Grocery,Vendor B,2025-07-22 16:24:44.570511,,,
Product_1753219489,Toys,Vendor A,2025-07-22 16:24:49.577192,,,
Product_1753219494,Grocery,Vendor B,2025-07-22 16:24:54.586505,,,
Product_1753219499,Toys,Vendor C,2025-07-22 16:24:59.593370,,,
Product_1753219504,Toys,Vendor E,2025-07-22 16:25:04.600347,,,
Product_1753219509,Toys,Vendor D,2025-07-22 16:25:09.610670,,,
Product_1753219514,Clothing,Vendor B,2025-07-22 16:25:14.622966,,,
Product_1753219519,Books,Vendor E,2025-07-22 16:25:19.629751,,,
Product_1753219524,Toys,Vendor D,2025-07-22 16:25:24.635678,,,
Product_1753219529,Clothing,Vendor C,2025-07-22 16:25:29.648024,,,
Product_1753219534,Electronics,Vendor B,2025-07-22 16:25:34.660180,,,
Product_1753219539,Books,Vendor E,2025-07-22 16:25:39.672610,,,
Product_1753219544,Books,Vendor A,2025-07-22 16:25:44.678966,,,
Product_1753219549,Books,Vendor B,2025-07-22 16:25:49.692079,,,
Product_1753219554,Clothing,Vendor A,2025-07-22 16:25:54.704584,,,
Product_1753219559,Grocery,Vendor C,2025-07-22 16:25:59.718852,,,
Product_1753219564,Grocery,Vendor E,2025-07-22 16:26:04.729272,,,
Product_1753219569,Toys,Vendor D,2025-07-22 16:26:09.740689,,,
Product_1753219574,Toys,Vendor A,2025-07-22 16:26:14.746608,,,
Product_1753219579,Clothing,Vendor C,2025-07-22 16:26:19.757503,,,
Product_1753219584,Grocery,Vendor E,2025-07-22 16:26:24.769286,,,
Product_1753219589,Electronics,Vendor C,2025-07-22 16:26:29.784952,,,
Product_1753219594,Clothing,Vendor B,2025-07-22 16:26:34.797234,,,
Product_1753219599,Electronics,Vendor B,2025-07-22 16:26:39.807478,,,
Product_1753219604,Books,Vendor D,2025-07-22 16:26:44.821112,,,
Product_1753219609,Grocery,Vendor E,2025-07-22 16:26:49.835887,,,
Product_1753219614,Clothing,Vendor C,2025-07-22 16:26:54.846829,,,
Product_1753219619,Grocery,Vendor E,2025-07-22 16:26:59.859153,,,
Product_1753219624,Books,Vendor B,2025-07-22 16:27:04.871643,,,
Product_1753219629,Books,Vendor C,2025-07-22 16:27:09.877749,,,
Product_1753219634,Books,Vendor D,2025-07-22 16:27:14.884662,,,
Product_1753219639,Grocery,Vendor E,2025-07-22 16:27:19.897428,,,
Product_1753219644,Grocery,Vendor E,2025-07-22 16:27:24.903849,,,
Product_1753219649,Grocery,Vendor A,2025-07-22 16:27:29.915242,,,
Product_1753219654,Clothing,Vendor E,2025-07-22 16:27:34.927681,,,
Product_1753219659,Clothing,Vendor E,2025-07-22 16:27:39.935076,,,
Product_1753219664,Grocery,Vendor A,2025-07-22 16:27:44.948712,,,
Product_1753219669,Toys,Vendor A,2025-07-22 16:27:49.961432,,,
Product_1753219674,Grocery,Vendor C,2025-07-22 16:27:54.967720,,,
Product_1753219679,Toys,Vendor C,2025-07-22 16:27:59.979125,,,
Product_1753219684,Clothing,Vendor E,2025-07-22 16:28:04.985117,,,
Product_1753219690,Books,Vendor E,2025-07-22 16:28:10.011215,,,
Product_1753219695,Electronics,Vendor B,2025-07-22 16:28:15.021730,,,
Product_1753219700,Toys,Vendor D,2025-07-22 16:28:20.028596,,,
Product_1753219705,Electronics,Vendor E,2025-07-22 16:28:25.039256,,,
Product_1753219710,Electronics,Vendor B,2025-07-22 16:28:30.051728,,,
Product_1753219715,Grocery,Vendor C,2025-07-22 16:28:35.061952,,,
Product_1753219720,Books,Vendor D,2025-07-22 16:28:40.068746,,,
Product_1753219725,Toys,Vendor C,2025-07-22 16:28:45.079529,,,
Product_1753219730,Clothing,Vendor A,2025-07-22 16:28:50.090153,,,
Product_1753219735,Grocery,Vendor D,2025-07-22 16:28:55.100537,,,
Product_1753219740,Clothing,Vendor A,2025-07-22 16:29:00.107619,,,
Product_1753219745,Electronics,Vendor E,2025-07-22 16:29:05.117408,,,
Product_1753219750,Electronics,Vendor C,2025-07-22 16:29:10.125830,,,
Product_1753219755,Grocery,Vendor A,2025-07-22 16:29:15.135256,,,
Product_1753219760,Electronics,Vendor D,2025-07-22 16:29:20.145929,,,
Product_1753219765,Toys,Vendor D,2025-07-22 16:29:25.156529,,,
Product_1753219770,Grocery,Vendor D,2025-07-22 16:29:30.166961,,,
Product_1753219775,Toys,Vendor B,2025-07-22 16:29:35.176825,,,
Product_1753219780,Electronics,Vendor E,2025-07-22 16:29:40.188001,,,
Product_1753219785,Grocery,Vendor E,2025-07-22 16:29:45.197757,,,
Product_1753219790,Grocery,Vendor A,2025-07-22 16:29:50.240057,,,
Product_1753219795,Clothing,Vendor C,2025-07-22 16:29:55.250354,,,
Product_1753219800,Grocery,Vendor A,2025-07-22 16:30:00.260981,,,
Product_1753219805,Grocery,Vendor C,2025-07-22 16:30:05.266646,,,
Product_1753219810,Books,Vendor D,2025-07-22 16:30:10.278156,,,
Product_1753219815,Electronics,Vendor A,2025-07-22 16:30:15.284403,,,
Product_1753219820,Books,Vendor D,2025-07-22 16:30:20.292411,,,
Product_1753219825,Toys,Vendor B,2025-07-22 16:30:25.298233,,,
Product_1753219830,Clothing,Vendor E,2025-07-22 16:30:30.304570,,,
Product_1753219835,Electronics,Vendor B,2025-07-22 16:30:35.337249,,,
Product_1753219840,Books,Vendor C,2025-07-22 16:30:40.361508,,,
Product_1753219845,Clothing,Vendor E,2025-07-22 16:30:45.374143,,,
Product_1753219850,Electronics,Vendor D,2025-07-22 16:30:50.381633,,,
Product_1753219855,Electronics,Vendor A,2025-07-22 16:30:55.389924,,,
Product_1753219860,Books,Vendor C,2025-07-22 16:31:00.398020,,,
Product_1753219865,Electronics,Vendor C,2025-07-22 16:31:05.403687,,,
Product_1753219870,Clothing,Vendor C,2025-07-22 16:31:10.414315,,,
Product_1753219875,Grocery,Vendor D,2025-07-22 16:31:15.424321,,,
Product_1753219880,Grocery,Vendor C,2025-07-22 16:31:20.438138,,,
Product_1753219885,Electronics,Vendor E,2025-07-22 16:31:25.448263,,,
Product_1753219890,Electronics,Vendor B,2025-07-22 16:31:30.454035,,,
Product_1753219895,Grocery,Vendor D,2025-07-22 16:31:35.465143,,,
Product_1753219900,Clothing,Vendor B,2025-07-22 16:31:40.475539,,,
Product_1753219905,Electronics,Vendor D,2025-07-22 16:31:45.487725,,,
Product_1753219910,Clothing,Vendor D,2025-07-22 16:31:50.499239,,,
Product_1753219915,Electronics,Vendor B,2025-07-22 16:31:55.508731,,,
Product_1753219920,Electronics,Vendor E,2025-07-22 16:32:00.520167,,,
Product_1753219925,Electronics,Vendor E,2025-07-22 16:32:05.532803,,,
Product_1753219930,Books,Vendor C,2025-07-22 16:32:10.545691,,,
Product_1753219935,Clothing,Vendor C,2025-07-22 16:32:15.555810,,,
Product_1753219940,Clothing,Vendor C,2025-07-22 16:32:20.570038,,,
Product_1753219945,Toys,Vendor E,2025-07-22 16:32:25.576248,,,
Product_1753219950,Electronics,Vendor C,2025-07-22 16:32:30.588194,,,
Product_1753219955,Grocery,Vendor B,2025-07-22 16:32:35.593967,,,
Product_1753219960,Toys,Vendor B,2025-07-22 16:32:40.611531,,,
Product_1753219965,Toys,Vendor D,2025-07-22 16:32:45.623456,,,
Product_1753219970,Toys,Vendor A,2025-07-22 16:32:50.632473,,,
Product_1753219975,Electronics,Vendor A,2025-07-22 16:32:55.644502,,,
Product_1753219980,Toys,Vendor A,2025-07-22 16:33:00.656484,,,
Product_1753219985,Electronics,Vendor B,2025-07-22 16:33:05.756176,,,
Product_1753219990,Grocery,Vendor C,2025-07-22 16:33:10.768715,,,
Product_1753219995,Electronics,Vendor E,2025-07-22 16:33:15.783110,,,
Product_1753220000,Toys,Vendor D,2025-07-22 16:33:20.893252,,,
Product_1753220005,Clothing,Vendor A,2025-07-22 16:33:25.907314,,,
Product_1753220010,Grocery,Vendor B,2025-07-22 16:33:30.918397,,,
Product_1753220015,Grocery,Vendor E,2025-07-22 16:33:35.929429,,,
Product_1753220020,Grocery,Vendor E,2025-07-22 16:33:40.941000,,,
Product_1753220025,Clothing,Vendor E,2025-07-22 16:33:45.952459,,,
Product_1753220030,Books,Vendor E,2025-07-22 16:33:50.963022,,,
Product_1753220035,Electronics,Vendor A,2025-07-22 16:33:55.974105,,,
Product_1753220040,Electronics,Vendor A,2025-07-22 16:34:00.984236,,,
Product_1753220045,Electronics,Vendor E,2025-07-22 16:34:05.995147,,,
Product_1753220051,Electronics,Vendor E,2025-07-22 16:34:11.002090,,,
Product_1753220056,Electronics,Vendor A,2025-07-22 16:34:16.013650,,,
Product_1753220061,Books,Vendor D,2025-07-22 16:34:21.025486,,,
Product_1753220066,Grocery,Vendor D,2025-07-22 16:34:26.038954,,,
Product_1753220071,Grocery,Vendor D,2025-07-22 16:34:31.045863,,,
Product_1753220076,Grocery,Vendor B,2025-07-22 16:34:36.051704,,,
Product_1753220081,Toys,Vendor E,2025-07-22 16:34:41.062200,,,
Product_1753220086,Toys,Vendor A,2025-07-22 16:34:46.072434,,,
Product_1753220091,Electronics,Vendor E,2025-07-22 16:34:51.084824,,,
Product_1753220096,Clothing,Vendor E,2025-07-22 16:34:56.097046,,,
Product_1753220101,Clothing,Vendor C,2025-07-22 16:35:01.107527,,,
Product_1753220106,Toys,Vendor B,2025-07-22 16:35:06.115455,,,
Product_1753220111,Grocery,Vendor A,2025-07-22 16:35:11.122836,,,
Product_1753220116,Clothing,Vendor E,2025-07-22 16:35:16.135890,,,
Product_1753220121,Electronics,Vendor D,2025-07-22 16:35:21.147667,,,
Product_1753220126,Clothing,Vendor E,2025-07-22 16:35:26.156595,,,
Product_1753220131,Clothing,Vendor C,2025-07-22 16:35:31.169613,,,
Product_1753220136,Books,Vendor D,2025-07-22 16:35:36.181245,,,
Product_1753220141,Electronics,Vendor C,2025-07-22 16:35:41.189289,,,
Product_1753220146,Toys,Vendor C,2025-07-22 16:35:46.195221,,,
Product_1753220151,Electronics,Vendor C,2025-07-22 16:35:51.202409,,,
Product_1753220156,Grocery,Vendor D,2025-07-22 16:35:56.211169,,,
Product_1753220161,Toys,Vendor D,2025-07-22 16:36:01.222571,,,
Product_1753220166,Grocery,Vendor A,2025-07-22 16:36:06.230904,,,
Product_1753220171,Clothing,Vendor C,2025-07-22 16:36:11.263660,,,
Product_1753220176,Grocery,Vendor B,2025-07-22 16:36:16.299642,,,
Product_1753220181,Toys,Vendor C,2025-07-22 16:36:21.314705,,,
Product_1753220186,Electronics,Vendor C,2025-07-22 16:36:26.325865,,,
Product_1753220191,Clothing,Vendor B,2025-07-22 16:36:31.337714,,,
Product_1753220196,Toys,Vendor B,2025-07-22 16:36:36.349703,,,
Product_1753220201,Toys,Vendor E,2025-07-22 16:36:41.362345,,,
Product_1753220206,Books,Vendor B,2025-07-22 16:36:46.373226,,,
Product_1753220211,Electronics,Vendor E,2025-07-22 16:36:51.386373,,,
Product_1753220216,Toys,Vendor E,2025-07-22 16:36:56.392330,,,
Product_1753220221,Electronics,Vendor B,2025-07-22 16:37:01.403472,,,
Product_1753220226,Clothing,Vendor E,2025-07-22 16:37:06.416486,,,
Product_1753220231,Grocery,Vendor D,2025-07-22 16:37:11.424806,,,
Product_1753220236,Books,Vendor E,2025-07-22 16:37:16.438207,,,
Product_1753220241,Books,Vendor A,2025-07-22 16:37:21.449623,,,
Product_1753220246,Grocery,Vendor E,2025-07-22 16:37:26.462182,,,
Product_1753220251,Toys,Vendor E,2025-07-22 16:37:31.472978,,,
Product_1753220256,Grocery,Vendor C,2025-07-22 16:37:36.485483,,,
Product_1753220261,Clothing,Vendor E,2025-07-22 16:37:41.495611,,,
Product_1753220266,Clothing,Vendor E,2025-07-22 16:37:46.506994,,,
Product_1753220271,Clothing,Vendor D,2025-07-22 16:37:51.517850,,,
Product_1753220276,Toys,Vendor D,2025-07-22 16:37:56.529648,,,
Product_1753220281,Clothing,Vendor D,2025-07-22 16:38:01.536712,,,
Product_1753220286,Grocery,Vendor E,2025-07-22 16:38:06.549740,,,
Product_1753220291,Toys,Vendor E,2025-07-22 16:38:11.556080,,,
Product_1753220296,Grocery,Vendor B,2025-07-22 16:38:16.576182,,,
Product_1753220301,Grocery,Vendor D,2025-07-22 16:38:21.587278,,,
Product_1753220306,Clothing,Vendor C,2025-07-22 16:38:26.594612,,,
Product_1753220311,Grocery,Vendor E,2025-07-22 16:38:31.600782,,,
Product_1753220316,Electronics,Vendor B,2025-07-22 16:38:36.613835,,,
Product_1753220321,Electronics,Vendor E,2025-07-22 16:38:41.626890,,,
Product_1753220326,Grocery,Vendor A,2025-07-22 16:38:46.639049,,,
Product_1753220331,Books,Vendor A,2025-07-22 16:38:51.651975,,,
Product_1753220336,Clothing,Vendor C,2025-07-22 16:38:56.659035,,,
Product_1753220341,Clothing,Vendor A,2025-07-22 16:39:01.670819,,,
Product_1753220346,Grocery,Vendor A,2025-07-22 16:39:06.677801,,,
Product_1753220351,Electronics,Vendor B,2025-07-22 16:39:11.690834,,,
Product_1753220356,Books,Vendor D,2025-07-22 16:39:16.703162,,,
Product_1753220361,Books,Vendor C,2025-07-22 16:39:21.715559,,,
Product_1753220366,Books,Vendor E,2025-07-22 16:39:26.727925,,,
Product_1753220371,Toys,Vendor E,2025-07-22 16:39:31.741476,,,
Product_1753220376,Grocery,Vendor B,2025-07-22 16:39:36.754610,,,
Product_1753220381,Toys,Vendor B,2025-07-22 16:39:41.766434,,,
Product_1753220386,Books,Vendor D,2025-07-22 16:39:46.778422,,,
Product_1753220391,Grocery,Vendor A,2025-07-22 16:39:51.790633,,,
Product_1753220396,Electronics,Vendor D,2025-07-22 16:39:56.801889,,,
Product_1753220401,Books,Vendor A,2025-07-22 16:40:01.809245,,,
Product_1753220406,Electronics,Vendor B,2025-07-22 16:40:06.822519,,,
Product_1753220411,Clothing,Vendor B,2025-07-22 16:40:11.835709,,,
Product_1753220416,Toys,Vendor B,2025-07-22 16:40:16.841327,,,
Product_1753220421,Electronics,Vendor D,2025-07-22 16:40:21.860256,,,
Product_1753220426,Books,Vendor A,2025-07-22 16:40:26.872255,,,
Product_1753220431,Clothing,Vendor B,2025-07-22 16:40:31.888742,,,
Product_1753220436,Clothing,Vendor A,2025-07-22 16:40:36.901400,,,
Product_1753220441,Electronics,Vendor E,2025-07-22 16:40:41.914074,,,
Product_1753220446,Grocery,Vendor E,2025-07-22 16:40:46.926624,,,
Product_1753220451,Grocery,Vendor B,2025-07-22 16:40:51.939739,,,
Product_1753220456,Electronics,Vendor D,2025-07-22 16:40:56.951179,,,
Product_1753220461,Books,Vendor D,2025-07-22 16:41:01.964084,,,
Product_1753220466,Books,Vendor D,2025-07-22 16:41:06.974194,,,
Product_1753220471,Toys,Vendor E,2025-07-22 16:41:11.984493,,,
Product_1753220476,Toys,Vendor C,2025-07-22 16:41:16.997328,,,
Product_1753220482,Toys,Vendor A,2025-07-22 16:41:22.010340,,,
Product_1753220487,Electronics,Vendor E,2025-07-22 16:41:27.017583,,,
Product_1753220492,Electronics,Vendor A,2025-07-22 16:41:32.030687,,,
Product_1753220497,Electronics,Vendor B,2025-07-22 16:41:37.043054,,,
Product_1753220502,Clothing,Vendor B,2025-07-22 16:41:42.048123,,,
Product_1753220507,Grocery,Vendor B,2025-07-22 16:41:47.069385,,,
Product_1753220512,Books,Vendor B,2025-07-22 16:41:52.080448,,,
Product_1753220517,Electronics,Vendor B,2025-07-22 16:41:57.088412,,,
Product_1753220522,Clothing,Vendor A,2025-07-22 16:42:02.100524,,,
Product_1753220527,Clothing,Vendor C,2025-07-22 16:42:07.111873,,,
Product_1753220532,Grocery,Vendor B,2025-07-22 16:42:12.124520,,,
Product_1753220537,Clothing,Vendor B,2025-07-22 16:42:17.135940,,,
Product_1753220542,Toys,Vendor C,2025-07-22 16:42:22.147279,,,
Product_1753220547,Books,Vendor A,2025-07-22 16:42:27.160149,,,
Product_1753220552,Clothing,Vendor B,2025-07-22 16:42:32.172003,,,
Product_1753220557,Grocery,Vendor B,2025-07-22 16:42:37.179061,,,
Product_1753220562,Toys,Vendor C,2025-07-22 16:42:42.191452,,,
Product_1753220567,Electronics,Vendor E,2025-07-22 16:42:47.204143,,,
Product_1753220572,Electronics,Vendor A,2025-07-22 16:42:52.210532,,,
Product_1753220577,Clothing,Vendor C,2025-07-22 16:42:57.222192,,,
Product_1753220582,Grocery,Vendor A,2025-07-22 16:43:02.233857,,,
Product_1753220587,Toys,Vendor E,2025-07-22 16:43:07.245460,,,
Product_1753220592,Electronics,Vendor E,2025-07-22 16:43:12.257322,,,
Product_1753220597,Clothing,Vendor D,2025-07-22 16:43:17.267804,,,
Product_1753220602,Grocery,Vendor E,2025-07-22 16:43:22.278428,,,
Product_1753220607,Books,Vendor C,2025-07-22 16:43:27.290483,,,
Product_1753220612,Grocery,Vendor C,2025-07-22 16:43:32.301827,,,
Product_1753220617,Toys,Vendor A,2025-07-22 16:43:37.312515,,,
Product_1753220622,Electronics,Vendor E,2025-07-22 16:43:42.325621,,,
Product_1753220627,Books,Vendor E,2025-07-22 16:43:47.336642,,,
Product_1753220632,Electronics,Vendor C,2025-07-22 16:43:52.348791,,,
Product_1753220637,Toys,Vendor A,2025-07-22 16:43:57.358561,,,
Product_1753220642,Clothing,Vendor A,2025-07-22 16:44:02.365183,,,
Product_1753220647,Clothing,Vendor E,2025-07-22 16:44:07.372405,,,
Product_1753220652,Grocery,Vendor B,2025-07-22 16:44:12.379371,,,
Product_1753220657,Books,Vendor B,2025-07-22 16:44:17.385616,,,
Product_1753220662,Grocery,Vendor E,2025-07-22 16:44:22.396776,,,
Product_1753220667,Books,Vendor B,2025-07-22 16:44:27.418213,,,
Product_1753220672,Grocery,Vendor C,2025-07-22 16:44:32.515999,,,
Product_1753220677,Grocery,Vendor B,2025-07-22 16:44:37.563354,,,
Product_1753220682,Toys,Vendor E,2025-07-22 16:44:42.572154,,,
Product_1753220687,Grocery,Vendor D,2025-07-22 16:44:47.584966,,,
Product_1753220692,Toys,Vendor E,2025-07-22 16:44:52.595595,,,
Product_1753220697,Electronics,Vendor C,2025-07-22 16:44:57.605046,,,
Product_1753220702,Clothing,Vendor B,2025-07-22 16:45:02.616571,,,
Product_1753220707,Electronics,Vendor B,2025-07-22 16:45:07.626183,,,
Product_1753220712,Toys,Vendor E,2025-07-22 16:45:12.634340,,,
Product_1753220717,Clothing,Vendor D,2025-07-22 16:45:17.646043,,,
Product_1753220722,Grocery,Vendor E,2025-07-22 16:45:22.669419,,,
Product_1753220727,Books,Vendor C,2025-07-22 16:45:27.776524,,,
Product_1753220732,Grocery,Vendor B,2025-07-22 16:45:32.788059,,,
Product_1753220737,Grocery,Vendor D,2025-07-22 16:45:37.795066,,,
Product_1753220742,Grocery,Vendor E,2025-07-22 16:45:42.805752,,,
Product_1753220747,Books,Vendor D,2025-07-22 16:45:47.812685,,,
Product_1753220752,Toys,Vendor D,2025-07-22 16:45:52.824252,,,
Product_1753220757,Books,Vendor A,2025-07-22 16:45:57.830419,,,
Product_1753220762,Clothing,Vendor B,2025-07-22 16:46:02.964340,,,
Product_1753220767,Toys,Vendor C,2025-07-22 16:46:07.972785,,,
Product_1753220772,Electronics,Vendor B,2025-07-22 16:46:12.988246,,,
Product_1753220777,Electronics,Vendor B,2025-07-22 16:46:17.996198,,,
Product_1753220783,Books,Vendor E,2025-07-22 16:46:23.003632,,,
Product_1753220788,Electronics,Vendor B,2025-07-22 16:46:28.015644,,,
Product_1753220793,Grocery,Vendor D,2025-07-22 16:46:33.023465,,,
Product_1753220798,Grocery,Vendor B,2025-07-22 16:46:38.032403,,,
Product_1753220803,Clothing,Vendor D,2025-07-22 16:46:43.043484,,,
Product_1753220808,Electronics,Vendor E,2025-07-22 16:46:48.050533,,,
Product_1753220813,Grocery,Vendor A,2025-07-22 16:46:53.062181,,,
Product_1753220818,Grocery,Vendor D,2025-07-22 16:46:58.072384,,,
Product_1753220823,Books,Vendor D,2025-07-22 16:47:03.085084,,,
Product_1753220828,Books,Vendor E,2025-07-22 16:47:08.096800,,,
Product_1753220833,Books,Vendor A,2025-07-22 16:47:13.109067,,,
Product_1753220838,Clothing,Vendor E,2025-07-22 16:47:18.121955,,,
Product_1753220843,Books,Vendor E,2025-07-22 16:47:23.132556,,,
Product_1753220848,Grocery,Vendor B,2025-07-22 16:47:28.139859,,,
Product_1753220853,Electronics,Vendor C,2025-07-22 16:47:33.150439,,,
Product_1753220858,Books,Vendor D,2025-07-22 16:47:38.162524,,,
Product_1753220863,Toys,Vendor B,2025-07-22 16:47:43.172452,,,
Product_1753220868,Grocery,Vendor A,2025-07-22 16:47:48.183559,,,
Product_1753220873,Toys,Vendor E,2025-07-22 16:47:53.194434,,,
Product_1753220878,Toys,Vendor E,2025-07-22 16:47:58.225059,,,
Product_1753220883,Toys,Vendor C,2025-07-22 16:48:03.231001,,,
Product_1753220888,Toys,Vendor E,2025-07-22 16:48:08.241967,,,
Product_1753220893,Books,Vendor B,2025-07-22 16:48:13.254587,,,
Product_1753220898,Electronics,Vendor B,2025-07-22 16:48:18.268362,,,
Product_1753220903,Books,Vendor E,2025-07-22 16:48:23.275849,,,
Product_1753220908,Toys,Vendor C,2025-07-22 16:48:28.283692,,,
Product_1753220913,Books,Vendor A,2025-07-22 16:48:33.294014,,,
Product_1753220918,Books,Vendor D,2025-07-22 16:48:38.409261,,,
Product_1753220923,Grocery,Vendor C,2025-07-22 16:48:43.416038,,,
Product_1753220928,Grocery,Vendor C,2025-07-22 16:48:48.423055,,,
Product_1753220933,Electronics,Vendor C,2025-07-22 16:48:53.435273,,,
Product_1753220938,Books,Vendor E,2025-07-22 16:48:58.445812,,,
Product_1753220943,Books,Vendor B,2025-07-22 16:49:03.456888,,,
Product_1753220948,Electronics,Vendor D,2025-07-22 16:49:08.465349,,,
Product_1753220953,Toys,Vendor A,2025-07-22 16:49:13.481502,,,
Product_1753220958,Toys,Vendor A,2025-07-22 16:49:18.495255,,,
Product_1753220963,Toys,Vendor A,2025-07-22 16:49:23.507186,,,
Product_1753220968,Books,Vendor E,2025-07-22 16:49:28.520855,,,
Product_1753220973,Grocery,Vendor E,2025-07-22 16:49:33.544693,,,
Product_1753220978,Books,Vendor B,2025-07-22 16:49:38.557033,,,
Product_1753220983,Grocery,Vendor A,2025-07-22 16:49:43.568264,,,
Product_1753220988,Toys,Vendor A,2025-07-22 16:49:48.574832,,,
Product_1753220993,Electronics,Vendor E,2025-07-22 16:49:53.702949,,,
Product_1753220998,Clothing,Vendor A,2025-07-22 16:49:58.716199,,,
Product_1753221003,Clothing,Vendor A,2025-07-22 16:50:03.726957,,,
Product_1753221008,Toys,Vendor D,2025-07-22 16:50:08.845401,,,
Product_1753221013,Books,Vendor C,2025-07-22 16:50:13.853490,,,
Product_1753221018,Books,Vendor E,2025-07-22 16:50:18.865904,,,
Product_1753221023,Toys,Vendor E,2025-07-22 16:50:23.878938,,,
Product_1753221028,Toys,Vendor E,2025-07-22 16:50:28.885338,,,
Product_1753221033,Books,Vendor C,2025-07-22 16:50:33.897846,,,
Product_1753221038,Clothing,Vendor A,2025-07-22 16:50:38.909047,,,
Product_1753221044,Toys,Vendor A,2025-07-22 16:50:44.010969,,,
Product_1753221049,Toys,Vendor B,2025-07-22 16:50:49.024155,,,
Product_1753221054,Electronics,Vendor C,2025-07-22 16:50:54.034427,,,
Product_1753221059,Clothing,Vendor B,2025-07-22 16:50:59.046649,,,
Product_1753221064,Electronics,Vendor A,2025-07-22 16:51:04.057794,,,
Product_1753221069,Books,Vendor A,2025-07-22 16:51:09.070886,,,
Product_1753221074,Grocery,Vendor E,2025-07-22 16:51:14.081698,,,
Product_1753221079,Electronics,Vendor B,2025-07-22 16:51:19.092922,,,
Product_1753221084,Books,Vendor A,2025-07-22 16:51:24.101372,,,
Product_1753221089,Toys,Vendor E,2025-07-22 16:51:29.127353,,,
Product_1753221094,Electronics,Vendor A,2025-07-22 16:51:34.138983,,,
Product_1753221099,Books,Vendor D,2025-07-22 16:51:39.150304,,,
Product_1753221104,Electronics,Vendor C,2025-07-22 16:51:44.163536,,,
Product_1753221109,Grocery,Vendor C,2025-07-22 16:51:49.175101,,,
Product_1753221114,Toys,Vendor A,2025-07-22 16:51:54.203203,,,
Product_1753221119,Toys,Vendor E,2025-07-22 16:51:59.214925,,,
Product_1753221124,Electronics,Vendor A,2025-07-22 16:52:04.225099,,,
Product_1753221129,Clothing,Vendor B,2025-07-22 16:52:09.233920,,,
Product_1753221134,Toys,Vendor A,2025-07-22 16:52:14.245725,,,
Product_1753221139,Books,Vendor A,2025-07-22 16:52:19.254156,,,
Product_1753221144,Electronics,Vendor A,2025-07-22 16:52:24.265870,,,
Product_1753221149,Books,Vendor E,2025-07-22 16:52:29.276884,,,
Product_1753221154,Toys,Vendor B,2025-07-22 16:52:34.317543,,,
Product_1753221159,Electronics,Vendor B,2025-07-22 16:52:39.347858,,,
Product_1753221164,Electronics,Vendor C,2025-07-22 16:52:44.360697,,,
Product_1753221169,Clothing,Vendor B,2025-07-22 16:52:49.371959,,,
Product_1753221174,Clothing,Vendor D,2025-07-22 16:52:54.383887,,,
Product_1753221179,Toys,Vendor D,2025-07-22 16:52:59.391221,,,
Product_1753221184,Electronics,Vendor A,2025-07-22 16:53:04.403331,,,
Product_1753221189,Toys,Vendor E,2025-07-22 16:53:09.414069,,,
Product_1753221194,Electronics,Vendor B,2025-07-22 16:53:14.426032,,,
Product_1753221199,Clothing,Vendor E,2025-07-22 16:53:19.438002,,,
Product_1753221204,Clothing,Vendor B,2025-07-22 16:53:24.449376,,,
Product_1753221209,Electronics,Vendor A,2025-07-22 16:53:29.460700,,,
Product_1753221214,Grocery,Vendor B,2025-07-22 16:53:34.485411,,,
Product_1753221219,Toys,Vendor A,2025-07-22 16:53:39.496953,,,
Product_1753221224,Electronics,Vendor D,2025-07-22 16:53:44.509466,,,
Product_1753221229,Clothing,Vendor B,2025-07-22 16:53:49.516446,,,
Product_1753221234,Electronics,Vendor C,2025-07-22 16:53:54.522992,,,
Product_1753221239,Books,Vendor A,2025-07-22 16:53:59.533198,,,
Product_1753221244,Electronics,Vendor C,2025-07-22 16:54:04.539300,,,
Product_1753221249,Toys,Vendor E,2025-07-22 16:54:09.550482,,,
Product_1753221254,Books,Vendor C,2025-07-22 16:54:14.562579,,,
Product_1753221259,Electronics,Vendor D,2025-07-22 16:54:19.574184,,,
Product_1753221264,Electronics,Vendor C,2025-07-22 16:54:24.587082,,,
Product_1753221269,Books,Vendor E,2025-07-22 16:54:29.593436,,,
Product_1753221274,Electronics,Vendor A,2025-07-22 16:54:34.604408,,,
Product_1753221279,Grocery,Vendor C,2025-07-22 16:54:39.617273,,,
Product_1753221284,Toys,Vendor E,2025-07-22 16:54:44.628057,,,
Product_1753221289,Clothing,Vendor A,2025-07-22 16:54:49.635748,,,
Product_1753221294,Electronics,Vendor B,2025-07-22 16:54:54.643151,,,
Product_1753221299,Grocery,Vendor C,2025-07-22 16:54:59.650771,,,
Product_1753221304,Clothing,Vendor A,2025-07-22 16:55:04.661834,,,
Product_1753221309,Toys,Vendor B,2025-07-22 16:55:09.667874,,,
Product_1753221314,Books,Vendor E,2025-07-22 16:55:14.673311,,,
Product_1753221319,Books,Vendor D,2025-07-22 16:55:19.684661,,,
Product_1753221324,Toys,Vendor E,2025-07-22 16:55:24.692274,,,
Product_1753221329,Grocery,Vendor B,2025-07-22 16:55:29.705337,,,
Product_1753221334,Clothing,Vendor E,2025-07-22 16:55:34.712656,,,
Product_1753221339,Toys,Vendor E,2025-07-22 16:55:39.720958,,,
Product_1753221344,Electronics,Vendor A,2025-07-22 16:55:44.733536,,,
Product_1753221349,Toys,Vendor B,2025-07-22 16:55:49.750371,,,
Product_1753221354,Electronics,Vendor E,2025-07-22 16:55:54.759497,,,
Product_1753221359,Electronics,Vendor A,2025-07-22 16:55:59.766277,,,
Product_1753221364,Electronics,Vendor A,2025-07-22 16:56:04.771988,,,
Product_1753221369,Grocery,Vendor E,2025-07-22 16:56:09.778429,,,
Product_1753221374,Grocery,Vendor B,2025-07-22 16:56:14.789422,,,
Product_1753221379,Books,Vendor A,2025-07-22 16:56:19.802710,,,
Product_1753221384,Electronics,Vendor B,2025-07-22 16:56:24.813908,,,
Product_1753221389,Grocery,Vendor A,2025-07-22 16:56:29.825077,,,
Product_1753221394,Books,Vendor A,2025-07-22 16:56:34.838102,,,
Product_1753221399,Books,Vendor E,2025-07-22 16:56:39.848802,,,
Product_1753221404,Electronics,Vendor A,2025-07-22 16:56:44.861751,,,
Product_1753221409,Electronics,Vendor E,2025-07-22 16:56:49.868596,,,
Product_1753221414,Grocery,Vendor C,2025-07-22 16:56:54.879160,,,
Product_1753221419,Toys,Vendor E,2025-07-22 16:56:59.889635,,,
Product_1753221424,Grocery,Vendor D,2025-07-22 16:57:04.995748,,,
Product_1753221430,Clothing,Vendor A,2025-07-22 16:57:10.007808,,,
Product_1753221435,Toys,Vendor B,2025-07-22 16:57:15.019544,,,
Product_1753221440,Books,Vendor C,2025-07-22 16:57:20.031930,,,
Product_1753221445,Toys,Vendor B,2025-07-22 16:57:25.042399,,,
Product_1753221450,Toys,Vendor C,2025-07-22 16:57:30.048392,,,
Product_1753221455,Books,Vendor B,2025-07-22 16:57:35.062035,,,
Product_1753221460,Books,Vendor D,2025-07-22 16:57:40.075418,,,
Product_1753221465,Grocery,Vendor E,2025-07-22 16:57:45.086032,,,
Product_1753221470,Electronics,Vendor E,2025-07-22 16:57:50.098849,,,
Product_1753221475,Books,Vendor B,2025-07-22 16:57:55.103816,,,
Product_1753221480,Books,Vendor D,2025-07-22 16:58:00.110819,,,
Product_1753221485,Grocery,Vendor E,2025-07-22 16:58:05.118340,,,
Product_1753221490,Clothing,Vendor A,2025-07-22 16:58:10.130004,,,
Product_1753221495,Clothing,Vendor B,2025-07-22 16:58:15.136852,,,
Product_1753221500,Electronics,Vendor A,2025-07-22 16:58:20.144646,,,
Product_1753221505,Grocery,Vendor A,2025-07-22 16:58:25.156972,,,
Product_1753221510,Books,Vendor A,2025-07-22 16:58:30.167299,,,
Product_1753221515,Books,Vendor D,2025-07-22 16:58:35.178249,,,
Product_1753221520,Electronics,Vendor D,2025-07-22 16:58:40.227859,,,
Product_1753221525,Toys,Vendor D,2025-07-22 16:58:45.233703,,,
Product_1753221530,Clothing,Vendor D,2025-07-22 16:58:50.246619,,,
Product_1753221535,Toys,Vendor D,2025-07-22 16:58:55.259553,,,
Product_1753221540,Grocery,Vendor E,2025-07-22 16:59:00.270277,,,
Product_1753221545,Toys,Vendor D,2025-07-22 16:59:05.281375,,,
Product_1753221550,Books,Vendor B,2025-07-22 16:59:10.287931,,,
Product_1753221555,Books,Vendor D,2025-07-22 16:59:15.297689,,,
Product_1753221560,Clothing,Vendor C,2025-07-22 16:59:20.304669,,,
Product_1753221565,Books,Vendor C,2025-07-22 16:59:25.318353,,,
Product_1753221570,Electronics,Vendor A,2025-07-22 16:59:30.323453,,,
Product_1753221575,Grocery,Vendor A,2025-07-22 16:59:35.456873,,,
Product_1753221580,Clothing,Vendor A,2025-07-22 16:59:40.472555,,,
Product_1753221585,Books,Vendor A,2025-07-22 16:59:45.484367,,,
Product_1753221590,Electronics,Vendor A,2025-07-22 16:59:50.493048,,,
Product_1753221595,Clothing,Vendor A,2025-07-22 16:59:55.507845,,,
Product_1753221600,Toys,Vendor B,2025-07-22 17:00:00.520569,,,
Product_1753221605,Electronics,Vendor E,2025-07-22 17:00:05.527268,,,
Product_1753221610,Toys,Vendor D,2025-07-22 17:00:10.538167,,,
Product_1753221615,Toys,Vendor C,2025-07-22 17:00:15.552092,,,
Product_1753221620,Toys,Vendor C,2025-07-22 17:00:20.559889,,,
Product_1753221625,Clothing,Vendor A,2025-07-22 17:00:25.567388,,,
Product_1753221630,Clothing,Vendor C,2025-07-22 17:00:30.573392,,,
Product_1753221635,Books,Vendor A,2025-07-22 17:00:35.580828,,,
Product_1753221640,Clothing,Vendor E,2025-07-22 17:00:40.591877,,,
Product_1753221645,Toys,Vendor B,2025-07-22 17:00:45.697568,,,
Product_1753221650,Clothing,Vendor D,2025-07-22 17:00:50.703275,,,
Product_1753221655,Electronics,Vendor B,2025-07-22 17:00:55.713578,,,
Product_1753221660,Clothing,Vendor A,2025-07-22 17:01:00.726875,,,
Product_1753221665,Toys,Vendor D,2025-07-22 17:01:05.737870,,,
Product_1753221670,Grocery,Vendor D,2025-07-22 17:01:10.748819,,,
Product_1753221675,Electronics,Vendor D,2025-07-22 17:01:15.761806,,,
Product_1753221680,Clothing,Vendor B,2025-07-22 17:01:20.775432,,,
Product_1753221685,Grocery,Vendor E,2025-07-22 17:01:25.789806,,,
Product_1753221690,Books,Vendor D,2025-07-22 17:01:30.802623,,,
Product_1753221695,Electronics,Vendor D,2025-07-22 17:01:35.910541,,,
Product_1753221700,Electronics,Vendor C,2025-07-22 17:01:40.917769,,,
Product_1753221705,Books,Vendor A,2025-07-22 17:01:45.932115,,,
Product_1753221710,Toys,Vendor A,2025-07-22 17:01:50.940053,,,
Product_1753221715,Books,Vendor A,2025-07-22 17:01:55.946231,,,
Product_1753221721,Clothing,Vendor A,2025-07-22 17:02:01.048645,,,
Product_1753221726,Toys,Vendor B,2025-07-22 17:02:06.061495,,,
Product_1753221731,Toys,Vendor C,2025-07-22 17:02:11.072294,,,
Product_1753221736,Books,Vendor D,2025-07-22 17:02:16.084651,,,
Product_1753221741,Grocery,Vendor E,2025-07-22 17:02:21.098329,,,
Product_1753221746,Toys,Vendor B,2025-07-22 17:02:26.109831,,,
Product_1753221751,Electronics,Vendor C,2025-07-22 17:02:31.124754,,,
Product_1753221756,Clothing,Vendor E,2025-07-22 17:02:36.137535,,,
Product_1753221761,Clothing,Vendor A,2025-07-22 17:02:41.147802,,,
Product_1753221766,Grocery,Vendor D,2025-07-22 17:02:46.159687,,,
Product_1753221771,Books,Vendor E,2025-07-22 17:02:51.172914,,,
Product_1753221776,Clothing,Vendor E,2025-07-22 17:02:56.180504,,,
Product_1753221781,Clothing,Vendor B,2025-07-22 17:03:01.192434,,,
Product_1753221786,Toys,Vendor D,2025-07-22 17:03:06.199036,,,
Product_1753221791,Electronics,Vendor B,2025-07-22 17:03:11.205393,,,
Product_1753221796,Clothing,Vendor C,2025-07-22 17:03:16.218523,,,
Product_1753221801,Electronics,Vendor E,2025-07-22 17:03:21.235101,,,
Product_1753221806,Grocery,Vendor B,2025-07-22 17:03:26.247671,,,
Product_1753221811,Grocery,Vendor A,2025-07-22 17:03:31.260806,,,
Product_1753221816,Toys,Vendor A,2025-07-22 17:03:36.273350,,,
Product_1753221821,Grocery,Vendor B,2025-07-22 17:03:41.286411,,,
Product_1753221826,Toys,Vendor A,2025-07-22 17:03:46.296992,,,
Product_1753221831,Grocery,Vendor E,2025-07-22 17:03:51.306501,,,
Product_1753221836,Books,Vendor B,2025-07-22 17:03:56.320538,,,
Product_1753221841,Toys,Vendor D,2025-07-22 17:04:01.327415,,,
Product_1753221846,Grocery,Vendor C,2025-07-22 17:04:06.335144,,,
Product_1753221851,Clothing,Vendor B,2025-07-22 17:04:11.342299,,,
Product_1753221856,Grocery,Vendor D,2025-07-22 17:04:16.349647,,,
Product_1753221861,Grocery,Vendor E,2025-07-22 17:04:21.360834,,,
Product_1753221867,Books,Vendor A,2025-07-22 17:04:27.113736,,,
Product_1753221872,Clothing,Vendor B,2025-07-22 17:04:32.121808,,,
Product_1753221877,Clothing,Vendor A,2025-07-22 17:04:37.141528,,,
Product_1753221882,Electronics,Vendor A,2025-07-22 17:04:42.153943,,,
Product_1753221887,Clothing,Vendor C,2025-07-22 17:04:47.161289,,,
Product_1753221892,Electronics,Vendor C,2025-07-22 17:04:52.172256,,,
Product_1753221897,Toys,Vendor C,2025-07-22 17:04:57.182940,,,
Product_1753221902,Toys,Vendor A,2025-07-22 17:05:02.193519,,,
Product_1753221907,Clothing,Vendor B,2025-07-22 17:05:07.200454,,,
Product_1753221912,Books,Vendor D,2025-07-22 17:05:12.207363,,,
Product_1753221917,Books,Vendor C,2025-07-22 17:05:17.236197,,,
Product_1753221922,Books,Vendor C,2025-07-22 17:05:22.264937,,,
Product_1753221927,Grocery,Vendor C,2025-07-22 17:05:27.270798,,,
Product_1753221932,Toys,Vendor E,2025-07-22 17:05:32.277046,,,
Product_1753221937,Clothing,Vendor B,2025-07-22 17:05:37.285992,,,
Product_1753221942,Clothing,Vendor E,2025-07-22 17:05:42.295019,,,
Product_1753221947,Books,Vendor B,2025-07-22 17:05:47.307133,,,
Product_1753221952,Grocery,Vendor C,2025-07-22 17:05:52.312805,,,
Product_1753221957,Clothing,Vendor C,2025-07-22 17:05:57.319228,,,
Product_1753221962,Toys,Vendor A,2025-07-22 17:06:02.342972,,,
Product_1753221967,Clothing,Vendor A,2025-07-22 17:06:07.351490,,,
Product_1753221972,Grocery,Vendor D,2025-07-22 17:06:12.358997,,,
Product_1753221977,Books,Vendor E,2025-07-22 17:06:17.365956,,,
Product_1753221982,Toys,Vendor D,2025-07-22 17:06:22.372727,,,
Product_1753221987,Books,Vendor B,2025-07-22 17:06:27.383607,,,
Product_1753221992,Clothing,Vendor A,2025-07-22 17:06:32.395286,,,
Product_1753221997,Books,Vendor E,2025-07-22 17:06:37.402415,,,
Product_1753222002,Books,Vendor A,2025-07-22 17:06:42.415383,,,
Product_1753222007,Grocery,Vendor C,2025-07-22 17:06:47.424781,,,
Product_1753222012,Grocery,Vendor C,2025-07-22 17:06:52.431901,,,
Product_1753222017,Electronics,Vendor D,2025-07-22 17:06:57.444231,,,
Product_1753222022,Books,Vendor D,2025-07-22 17:07:02.455173,,,
Product_1753222027,Books,Vendor B,2025-07-22 17:07:07.461759,,,
Product_1753222032,Toys,Vendor E,2025-07-22 17:07:12.469297,,,
Product_1753222037,Grocery,Vendor D,2025-07-22 17:07:17.480194,,,
Product_1753222042,Toys,Vendor D,2025-07-22 17:07:22.489967,,,
Product_1753222047,Grocery,Vendor B,2025-07-22 17:07:27.618574,,,
Product_1753222052,Grocery,Vendor B,2025-07-22 17:07:32.626023,,,
Product_1753222057,Grocery,Vendor B,2025-07-22 17:07:37.642166,,,
Product_1753222062,Electronics,Vendor A,2025-07-22 17:07:42.653436,,,
Product_1753222067,Books,Vendor E,2025-07-22 17:07:47.678639,,,
Product_1753222072,Grocery,Vendor E,2025-07-22 17:07:52.690311,,,
Product_1753222077,Toys,Vendor E,2025-07-22 17:07:57.702509,,,
Product_1753222082,Grocery,Vendor E,2025-07-22 17:08:02.715530,,,
Product_1753222087,Grocery,Vendor B,2025-07-22 17:08:07.728946,,,
Product_1753222092,Clothing,Vendor D,2025-07-22 17:08:12.739826,,,
Product_1753222097,Electronics,Vendor A,2025-07-22 17:08:17.752771,,,
Product_1753222102,Clothing,Vendor A,2025-07-22 17:08:22.764034,,,
Product_1753222107,Grocery,Vendor C,2025-07-22 17:08:27.771135,,,
Product_1753222112,Grocery,Vendor C,2025-07-22 17:08:32.782197,,,
Product_1753222117,Toys,Vendor A,2025-07-22 17:08:37.795519,,,
Product_1753222122,Books,Vendor D,2025-07-22 17:08:42.806945,,,
Product_1753222127,Grocery,Vendor C,2025-07-22 17:08:47.817724,,,
Product_1753222132,Electronics,Vendor D,2025-07-22 17:08:52.829051,,,
Product_1753222137,Grocery,Vendor D,2025-07-22 17:08:57.835646,,,
Product_1753222142,Grocery,Vendor E,2025-07-22 17:09:02.843278,,,
Product_1753222147,Electronics,Vendor D,2025-07-22 17:09:07.855972,,,
Product_1753222152,Books,Vendor D,2025-07-22 17:09:12.864021,,,
Product_1753222157,Electronics,Vendor D,2025-07-22 17:09:17.876270,,,
Product_1753222162,Books,Vendor A,2025-07-22 17:09:22.887066,,,
Product_1753222167,Electronics,Vendor E,2025-07-22 17:09:27.892526,,,
Product_1753222172,Clothing,Vendor E,2025-07-22 17:09:32.898764,,,
Product_1753222177,Toys,Vendor A,2025-07-22 17:09:37.905862,,,
Product_1753222182,Toys,Vendor B,2025-07-22 17:09:42.915041,,,
Product_1753222187,Electronics,Vendor B,2025-07-22 17:09:47.925077,,,
Product_1753222192,Books,Vendor D,2025-07-22 17:09:52.931511,,,
Product_1753222197,Electronics,Vendor E,2025-07-22 17:09:57.938102,,,
Product_1753222202,Electronics,Vendor D,2025-07-22 17:10:02.949470,,,
Product_1753222207,Books,Vendor B,2025-07-22 17:10:07.958261,,,
Product_1753222212,Books,Vendor A,2025-07-22 17:10:12.963872,,,
Product_1753222217,Books,Vendor D,2025-07-22 17:10:17.978192,,,
Product_1753222222,Clothing,Vendor D,2025-07-22 17:10:22.990442,,,
Product_1753222228,Clothing,Vendor A,2025-07-22 17:10:28.002536,,,
Product_1753222233,Clothing,Vendor A,2025-07-22 17:10:33.015138,,,
Product_1753222238,Toys,Vendor B,2025-07-22 17:10:38.021340,,,
Product_1753222243,Electronics,Vendor E,2025-07-22 17:10:43.038922,,,
Product_1753222248,Toys,Vendor A,2025-07-22 17:10:48.049151,,,
Product_1753222253,Electronics,Vendor D,2025-07-22 17:10:53.057195,,,
Product_1753222258,Books,Vendor B,2025-07-22 17:10:58.064324,,,
Product_1753222263,Clothing,Vendor E,2025-07-22 17:11:03.073323,,,
Product_1753222268,Books,Vendor E,2025-07-22 17:11:08.081546,,,
Product_1753222273,Electronics,Vendor B,2025-07-22 17:11:13.087178,,,
Product_1753222278,Clothing,Vendor B,2025-07-22 17:11:18.095203,,,
Product_1753222283,Books,Vendor D,2025-07-22 17:11:23.100910,,,
Product_1753222288,Books,Vendor B,2025-07-22 17:11:28.108922,,,
Product_1753222293,Toys,Vendor B,2025-07-22 17:11:33.114713,,,
Product_1753222298,Electronics,Vendor E,2025-07-22 17:11:38.121537,,,
Product_1753222303,Clothing,Vendor E,2025-07-22 17:11:43.128278,,,
Product_1753222308,Toys,Vendor D,2025-07-22 17:11:48.138087,,,
Product_1753222313,Grocery,Vendor C,2025-07-22 17:11:53.146843,,,
Product_1753222318,Clothing,Vendor A,2025-07-22 17:11:58.466600,,,
Product_1753222323,Grocery,Vendor E,2025-07-22 17:12:03.471960,,,
Product_1753222328,Toys,Vendor E,2025-07-22 17:12:08.500230,,,
Product_1753222333,Grocery,Vendor C,2025-07-22 17:12:13.730713,,,
Product_1753222338,Books,Vendor A,2025-07-22 17:12:18.754350,,,
Product_1753222343,Clothing,Vendor A,2025-07-22 17:12:23.779179,,,
Product_1753222348,Toys,Vendor D,2025-07-22 17:12:28.855813,,,
Product_1753222353,Toys,Vendor D,2025-07-22 17:12:33.860950,,,
Product_1753222358,Grocery,Vendor E,2025-07-22 17:12:38.908983,,,
Product_1753222363,Clothing,Vendor A,2025-07-22 17:12:43.918193,,,
Product_1753222368,Grocery,Vendor D,2025-07-22 17:12:48.924047,,,
Product_1753222374,Toys,Vendor D,2025-07-22 17:12:54.017911,,,
Product_1753222379,Books,Vendor E,2025-07-22 17:12:59.026820,,,
Product_1753222384,Toys,Vendor A,2025-07-22 17:13:04.031542,,,
Product_1753222389,Toys,Vendor E,2025-07-22 17:13:09.042746,,,
Product_1753222394,Books,Vendor D,2025-07-22 17:13:14.142774,,,
Product_1753222399,Books,Vendor D,2025-07-22 17:13:19.197749,,,
Product_1753222404,Clothing,Vendor A,2025-07-22 17:13:24.207979,,,
Product_1753222409,Grocery,Vendor E,2025-07-22 17:13:29.216843,,,
Product_1753222414,Clothing,Vendor B,2025-07-22 17:13:34.225503,,,
Product_1753222419,Electronics,Vendor C,2025-07-22 17:13:39.235034,,,
Product_1753222424,Electronics,Vendor C,2025-07-22 17:13:44.244443,,,
Product_1753222429,Toys,Vendor C,2025-07-22 17:13:49.250093,,,
Product_1753222434,Toys,Vendor D,2025-07-22 17:13:54.265684,,,
Product_1753222439,Books,Vendor B,2025-07-22 17:13:59.274782,,,
Product_1753222444,Toys,Vendor C,2025-07-22 17:14:04.284781,,,
Product_1753222449,Grocery,Vendor C,2025-07-22 17:14:09.293744,,,
Product_1753222454,Toys,Vendor B,2025-07-22 17:14:14.303132,,,
Product_1753222459,Books,Vendor B,2025-07-22 17:14:19.308403,,,
Product_1753222464,Books,Vendor A,2025-07-22 17:14:24.319917,,,
Product_1753222469,Toys,Vendor B,2025-07-22 17:14:29.329262,,,
Product_1753222474,Books,Vendor D,2025-07-22 17:14:34.334660,,,
Product_1753222479,Electronics,Vendor D,2025-07-22 17:14:39.339836,,,
Product_1753222484,Grocery,Vendor C,2025-07-22 17:14:44.348876,,,
Product_1753222489,Electronics,Vendor D,2025-07-22 17:14:49.355242,,,
Product_1753222494,Toys,Vendor E,2025-07-22 17:14:54.364608,,,
Product_1753222499,Toys,Vendor B,2025-07-22 17:14:59.374325,,,
Product_1753222504,Clothing,Vendor B,2025-07-22 17:15:04.385482,,,
Product_1753222509,Clothing,Vendor E,2025-07-22 17:15:09.392694,,,
Product_1753222514,Clothing,Vendor A,2025-07-22 17:15:14.401306,,,
Product_1753222519,Electronics,Vendor C,2025-07-22 17:15:19.406473,,,
Product_1753222524,Electronics,Vendor B,2025-07-22 17:15:24.418056,,,
Product_1753222529,Books,Vendor A,2025-07-22 17:15:29.455520,,,
Product_1753222534,Toys,Vendor D,2025-07-22 17:15:34.464452,,,
Product_1753222539,Grocery,Vendor B,2025-07-22 17:15:39.475081,,,
Product_1753222544,Electronics,Vendor D,2025-07-22 17:15:44.485822,,,
Product_1753222549,Grocery,Vendor D,2025-07-22 17:15:49.499731,,,
Product_1753222554,Books,Vendor E,2025-07-22 17:15:54.511399,,,
Product_1753222559,Books,Vendor A,2025-07-22 17:15:59.522298,,,
Product_1753222564,Electronics,Vendor C,2025-07-22 17:16:04.532203,,,
Product_1753222569,Toys,Vendor B,2025-07-22 17:16:09.543263,,,
Product_1753222574,Grocery,Vendor C,2025-07-22 17:16:14.551759,,,
Product_1753222579,Toys,Vendor B,2025-07-22 17:16:19.560936,,,
Product_1753222584,Electronics,Vendor D,2025-07-22 17:16:24.566487,,,
Product_1753222589,Books,Vendor E,2025-07-22 17:16:29.577542,,,
Product_1753222594,Electronics,Vendor E,2025-07-22 17:16:34.588446,,,
Product_1753222599,Grocery,Vendor D,2025-07-22 17:16:39.597189,,,
Product_1753222604,Toys,Vendor A,2025-07-22 17:16:44.605955,,,
Product_1753222609,Toys,Vendor A,2025-07-22 17:16:49.611884,,,
Product_1753222614,Grocery,Vendor C,2025-07-22 17:16:54.616901,,,
Product_1753222619,Electronics,Vendor A,2025-07-22 17:16:59.628483,,,
Product_1753222624,Books,Vendor C,2025-07-22 17:17:04.639397,,,
Product_1753222629,Books,Vendor E,2025-07-22 17:17:09.650621,,,
Product_1753222634,Grocery,Vendor C,2025-07-22 17:17:14.660981,,,
Product_1753222639,Electronics,Vendor B,2025-07-22 17:17:19.669881,,,
Product_1753222644,Electronics,Vendor D,2025-07-22 17:17:24.674423,,,
Product_1753222649,Toys,Vendor D,2025-07-22 17:17:29.685406,,,
Product_1753222654,Clothing,Vendor E,2025-07-22 17:17:34.696845,,,
Product_1753222659,Clothing,Vendor B,2025-07-22 17:17:39.708371,,,
Product_1753222664,Clothing,Vendor A,2025-07-22 17:17:44.719913,,,
Product_1753222669,Books,Vendor B,2025-07-22 17:17:49.731100,,,
Product_1753222674,Grocery,Vendor C,2025-07-22 17:17:54.740356,,,
Product_1753222679,Electronics,Vendor D,2025-07-22 17:17:59.750854,,,
Product_1753222684,Grocery,Vendor D,2025-07-22 17:18:04.761322,,,
Product_1753222689,Grocery,Vendor A,2025-07-22 17:18:09.770506,,,
Product_1753222694,Grocery,Vendor E,2025-07-22 17:18:14.781822,,,
Product_1753222699,Grocery,Vendor C,2025-07-22 17:18:19.790930,,,
Product_1753222704,Books,Vendor B,2025-07-22 17:18:24.798281,,,
Product_1753222709,Toys,Vendor C,2025-07-22 17:18:29.803848,,,
Product_1753222714,Electronics,Vendor A,2025-07-22 17:18:34.814975,,,
Product_1753222719,Electronics,Vendor B,2025-07-22 17:18:39.825111,,,
Product_1753222724,Clothing,Vendor E,2025-07-22 17:18:44.837248,,,
Product_1753222729,Toys,Vendor B,2025-07-22 17:18:49.847742,,,
Product_1753222734,Toys,Vendor B,2025-07-22 17:18:54.853725,,,
Product_1753222739,Books,Vendor A,2025-07-22 17:18:59.870277,,,
Product_1753222744,Electronics,Vendor D,2025-07-22 17:19:04.884075,,,
Product_1753222749,Grocery,Vendor B,2025-07-22 17:19:09.893587,,,
Product_1753222754,Grocery,Vendor C,2025-07-22 17:19:14.904774,,,
Product_1753222759,Books,Vendor B,2025-07-22 17:19:19.916181,,,
Product_1753222764,Books,Vendor C,2025-07-22 17:19:24.926048,,,
Product_1753222769,Toys,Vendor C,2025-07-22 17:19:29.937059,,,
Product_1753222774,Books,Vendor C,2025-07-22 17:19:34.948454,,,
Product_1753222779,Books,Vendor B,2025-07-22 17:19:39.953151,,,
Product_1753222784,Electronics,Vendor A,2025-07-22 17:19:44.964480,,,
Product_1753222789,Books,Vendor C,2025-07-22 17:19:49.974706,,,
Product_1753222794,Clothing,Vendor D,2025-07-22 17:19:54.984996,,,
Product_1753222799,Toys,Vendor D,2025-07-22 17:19:59.994412,,,
Product_1753222805,Grocery,Vendor B,2025-07-22 17:20:05.000096,,,
Product_1753222810,Toys,Vendor D,2025-07-22 17:20:10.014213,,,
Product_1753222815,Toys,Vendor E,2025-07-22 17:20:15.023482,,,
Product_1753222820,Toys,Vendor A,2025-07-22 17:20:20.032226,,,
Product_1753222825,Toys,Vendor A,2025-07-22 17:20:25.042880,,,
Product_1753222830,Toys,Vendor C,2025-07-22 17:20:30.064576,,,
Product_1753222835,Toys,Vendor E,2025-07-22 17:20:35.074728,,,
Product_1753222840,Books,Vendor D,2025-07-22 17:20:40.086676,,,
Product_1753222845,Toys,Vendor A,2025-07-22 17:20:45.316571,,,
Product_1753222850,Toys,Vendor B,2025-07-22 17:20:50.324394,,,
Product_1753222855,Clothing,Vendor B,2025-07-22 17:20:55.329299,,,
Product_1753222860,Grocery,Vendor C,2025-07-22 17:21:00.340554,,,
Product_1753222865,Toys,Vendor D,2025-07-22 17:21:05.346272,,,
Product_1753222870,Toys,Vendor C,2025-07-22 17:21:10.354440,,,
Product_1753222875,Toys,Vendor D,2025-07-22 17:21:15.362074,,,
Product_1753222880,Clothing,Vendor D,2025-07-22 17:21:20.369502,,,
Product_1753222885,Electronics,Vendor C,2025-07-22 17:21:25.376452,,,
Product_1753222890,Clothing,Vendor B,2025-07-22 17:21:30.386132,,,
Product_1753222895,Toys,Vendor E,2025-07-22 17:21:35.394991,,,
Product_1753222900,Electronics,Vendor A,2025-07-22 17:21:40.404348,,,
Product_1753222905,Electronics,Vendor C,2025-07-22 17:21:45.409886,,,
Product_1753222910,Clothing,Vendor E,2025-07-22 17:21:50.416733,,,
Product_1753222915,Electronics,Vendor E,2025-07-22 17:21:55.421528,,,
Product_1753222920,Books,Vendor B,2025-07-22 17:22:00.431100,,,
Product_1753222925,Toys,Vendor B,2025-07-22 17:22:05.440532,,,
Product_1753222930,Books,Vendor E,2025-07-22 17:22:10.446293,,,
Product_1753222935,Books,Vendor B,2025-07-22 17:22:15.453018,,,
Product_1753222940,Electronics,Vendor B,2025-07-22 17:22:20.458813,,,
Product_1753222945,Books,Vendor D,2025-07-22 17:22:25.464932,,,
Product_1753222950,Grocery,Vendor D,2025-07-22 17:22:30.475370,,,
Product_1753222955,Grocery,Vendor E,2025-07-22 17:22:35.480597,,,
Product_1753222960,Books,Vendor D,2025-07-22 17:22:40.491897,,,
Product_1753222965,Grocery,Vendor E,2025-07-22 17:22:45.501631,,,
Product_1753222970,Electronics,Vendor E,2025-07-22 17:22:50.507289,,,
Product_1753222975,Clothing,Vendor E,2025-07-22 17:22:55.512997,,,
Product_1753222980,Books,Vendor D,2025-07-22 17:23:00.517499,,,
Product_1753222985,Grocery,Vendor C,2025-07-22 17:23:05.527915,,,
Product_1753222990,Clothing,Vendor B,2025-07-22 17:23:10.533550,,,
Product_1753222995,Toys,Vendor C,2025-07-22 17:23:15.543606,,,
Product_1753223000,Electronics,Vendor E,2025-07-22 17:23:20.549560,,,
Product_1753223005,Books,Vendor C,2025-07-22 17:23:25.555433,,,
Product_1753223010,Toys,Vendor C,2025-07-22 17:23:30.565543,,,
Product_1753223015,Toys,Vendor C,2025-07-22 17:23:35.574200,,,
Product_1753223020,Electronics,Vendor A,2025-07-22 17:23:40.584574,,,
Product_1753223025,Clothing,Vendor B,2025-07-22 17:23:45.594146,,,
Product_1753223030,Clothing,Vendor C,2025-07-22 17:23:50.599547,,,
Product_1753223035,Clothing,Vendor B,2025-07-22 17:23:55.605472,,,
Product_1753223040,Electronics,Vendor C,2025-07-22 17:24:00.615451,,,
Product_1753223045,Electronics,Vendor E,2025-07-22 17:24:05.620072,,,
Product_1753223050,Grocery,Vendor D,2025-07-22 17:24:10.625538,,,
Product_1753223055,Grocery,Vendor A,2025-07-22 17:24:15.630340,,,
Product_1753223060,Clothing,Vendor D,2025-07-22 17:24:20.635871,,,
Product_1753223065,Clothing,Vendor C,2025-07-22 17:24:25.641303,,,
Product_1753223070,Grocery,Vendor B,2025-07-22 17:24:30.646434,,,
Product_1753223075,Books,Vendor A,2025-07-22 17:24:35.657696,,,
Product_1753223080,Electronics,Vendor E,2025-07-22 17:24:40.662726,,,
Product_1753223085,Clothing,Vendor C,2025-07-22 17:24:45.673528,,,
Product_1753223090,Books,Vendor B,2025-07-22 17:24:50.679233,,,
Product_1753223095,Electronics,Vendor B,2025-07-22 17:24:55.684423,,,
Product_1753223100,Books,Vendor B,2025-07-22 17:25:00.692130,,,
Product_1753223105,Clothing,Vendor B,2025-07-22 17:25:05.698738,,,
Product_1753223110,Toys,Vendor B,2025-07-22 17:25:10.704026,,,
Product_1753223115,Books,Vendor B,2025-07-22 17:25:15.709045,,,
Product_1753223120,Electronics,Vendor E,2025-07-22 17:25:20.714979,,,
Product_1753223125,Grocery,Vendor B,2025-07-22 17:25:25.719850,,,
Product_1753223130,Grocery,Vendor C,2025-07-22 17:25:30.727232,,,
Product_1753223135,Grocery,Vendor E,2025-07-22 17:25:35.747848,,,
Product_1753223140,Clothing,Vendor E,2025-07-22 17:25:40.797051,,,
Product_1753223145,Grocery,Vendor E,2025-07-22 17:25:45.803191,,,
Product_1753223150,Grocery,Vendor A,2025-07-22 17:25:50.808492,,,
Product_1753223155,Grocery,Vendor A,2025-07-22 17:25:55.813025,,,
Product_1753223160,Grocery,Vendor D,2025-07-22 17:26:00.824638,,,
Product_1753223165,Toys,Vendor E,2025-07-22 17:26:05.830832,,,
Product_1753223170,Grocery,Vendor E,2025-07-22 17:26:10.835981,,,
Product_1753223175,Clothing,Vendor C,2025-07-22 17:26:15.843358,,,
Product_1753223180,Toys,Vendor E,2025-07-22 17:26:20.849120,,,
Product_1753223185,Grocery,Vendor D,2025-07-22 17:26:25.853770,,,
Product_1753223190,Toys,Vendor D,2025-07-22 17:26:30.860262,,,
Product_1753223195,Books,Vendor A,2025-07-22 17:26:35.865962,,,
Product_1753223200,Grocery,Vendor B,2025-07-22 17:26:40.871516,,,
Product_1753223205,Toys,Vendor B,2025-07-22 17:26:45.876960,,,
Product_1753223210,Clothing,Vendor B,2025-07-22 17:26:50.883473,,,
Product_1753223215,Books,Vendor C,2025-07-22 17:26:55.889716,,,
Product_1753223220,Toys,Vendor C,2025-07-22 17:27:00.901348,,,
Product_1753223225,Grocery,Vendor D,2025-07-22 17:27:05.906221,,,
Product_1753223230,Grocery,Vendor C,2025-07-22 17:27:10.911973,,,
Product_1753223235,Books,Vendor D,2025-07-22 17:27:15.923556,,,
Product_1753223240,Grocery,Vendor A,2025-07-22 17:27:20.930226,,,
Product_1753223245,Books,Vendor B,2025-07-22 17:27:25.936360,,,
Product_1753223250,Toys,Vendor C,2025-07-22 17:27:30.941519,,,
Product_1753223255,Grocery,Vendor D,2025-07-22 17:27:35.952059,,,
Product_1753223260,Toys,Vendor C,2025-07-22 17:27:40.969680,,,
Product_1753223265,Clothing,Vendor E,2025-07-22 17:27:45.984909,,,
Product_1753223270,Toys,Vendor E,2025-07-22 17:27:50.993482,,,
Product_1753223276,Clothing,Vendor D,2025-07-22 17:27:56.004652,,,
Product_1753223281,Grocery,Vendor E,2025-07-22 17:28:01.012276,,,
Product_1753223286,Toys,Vendor E,2025-07-22 17:28:06.023432,,,
Product_1753223291,Grocery,Vendor D,2025-07-22 17:28:11.028782,,,
Product_1753223296,Books,Vendor E,2025-07-22 17:28:16.039747,,,
Product_1753223301,Clothing,Vendor C,2025-07-22 17:28:21.050474,,,
Product_1753223306,Grocery,Vendor B,2025-07-22 17:28:26.057294,,,
Product_1753223311,Grocery,Vendor C,2025-07-22 17:28:31.068744,,,
Product_1753223316,Clothing,Vendor A,2025-07-22 17:28:36.078635,,,
Product_1753223321,Toys,Vendor B,2025-07-22 17:28:41.084135,,,
Product_1753223326,Clothing,Vendor C,2025-07-22 17:28:46.093417,,,
Product_1753223331,Clothing,Vendor B,2025-07-22 17:28:51.102845,,,
Product_1753223336,Books,Vendor B,2025-07-22 17:28:56.108376,,,
Product_1753223341,Toys,Vendor D,2025-07-22 17:29:01.114652,,,
Product_1753223346,Clothing,Vendor B,2025-07-22 17:29:06.124505,,,
Product_1753223351,Electronics,Vendor E,2025-07-22 17:29:11.129381,,,
Product_1753223356,Toys,Vendor E,2025-07-22 17:29:16.138629,,,
Product_1753223361,Books,Vendor A,2025-07-22 17:29:21.150178,,,
Product_1753223366,Grocery,Vendor A,2025-07-22 17:29:26.156863,,,
Product_1753223371,Books,Vendor D,2025-07-22 17:29:31.166171,,,
Product_1753223376,Clothing,Vendor C,2025-07-22 17:29:36.171272,,,
Product_1753223381,Electronics,Vendor C,2025-07-22 17:29:41.176243,,,
Product_1753223386,Toys,Vendor A,2025-07-22 17:29:46.185125,,,
Product_1753223391,Toys,Vendor D,2025-07-22 17:29:51.196073,,,
Product_1753223396,Grocery,Vendor C,2025-07-22 17:29:56.214071,,,
Product_1753223401,Electronics,Vendor C,2025-07-22 17:30:01.219563,,,
Product_1753223406,Toys,Vendor A,2025-07-22 17:30:06.226402,,,
Product_1753223411,Clothing,Vendor E,2025-07-22 17:30:11.232331,,,
Product_1753223416,Toys,Vendor E,2025-07-22 17:30:16.238727,,,
Product_1753223421,Books,Vendor D,2025-07-22 17:30:21.244658,,,
Product_1753223426,Electronics,Vendor E,2025-07-22 17:30:26.249488,,,
Product_1753223431,Books,Vendor E,2025-07-22 17:30:31.254105,,,
Product_1753223436,Toys,Vendor A,2025-07-22 17:30:36.259564,,,
Product_1753223441,Toys,Vendor B,2025-07-22 17:30:41.265752,,,
Product_1753223446,Clothing,Vendor A,2025-07-22 17:30:46.270700,,,
Product_1753223451,Books,Vendor C,2025-07-22 17:30:51.280819,,,
Product_1753223456,Toys,Vendor E,2025-07-22 17:30:56.285870,,,
Product_1753223461,Grocery,Vendor D,2025-07-22 17:31:01.291010,,,
Product_1753223466,Books,Vendor D,2025-07-22 17:31:06.297578,,,
Product_1753223471,Grocery,Vendor D,2025-07-22 17:31:11.308727,,,
Product_1753223476,Toys,Vendor A,2025-07-22 17:31:16.314813,,,
Product_1753223481,Toys,Vendor D,2025-07-22 17:31:21.321997,,,
Product_1753223486,Books,Vendor A,2025-07-22 17:31:26.327498,,,
Product_1753223491,Toys,Vendor A,2025-07-22 17:31:31.332616,,,
Product_1753223496,Toys,Vendor A,2025-07-22 17:31:36.338906,,,
Product_1753223501,Clothing,Vendor B,2025-07-22 17:31:41.344897,,,
Product_1753223506,Clothing,Vendor A,2025-07-22 17:31:46.353198,,,
Product_1753223511,Books,Vendor D,2025-07-22 17:31:51.359682,,,
Product_1753223517,Books,Vendor A,2025-07-22 17:31:57.317698,,,
Product_1753223522,Clothing,Vendor E,2025-07-22 17:32:02.323438,,,
Product_1753223527,Clothing,Vendor B,2025-07-22 17:32:07.334267,,,
Product_1753223532,Grocery,Vendor D,2025-07-22 17:32:12.456170,,,
Product_1753223537,Books,Vendor B,2025-07-22 17:32:17.467012,,,
Product_1753223542,Clothing,Vendor B,2025-07-22 17:32:22.476591,,,
Product_1753223547,Books,Vendor C,2025-07-22 17:32:27.481209,,,
Product_1753223552,Toys,Vendor B,2025-07-22 17:32:32.492069,,,
Product_1753223557,Toys,Vendor D,2025-07-22 17:32:37.501909,,,
Product_1753223562,Clothing,Vendor A,2025-07-22 17:32:42.510347,,,
Product_1753223567,Clothing,Vendor A,2025-07-22 17:32:47.516979,,,
Product_1753223572,Clothing,Vendor E,2025-07-22 17:32:52.526361,,,
Product_1753223577,Books,Vendor C,2025-07-22 17:32:57.535693,,,
Product_1753223582,Clothing,Vendor C,2025-07-22 17:33:02.547157,,,
Product_1753223587,Books,Vendor E,2025-07-22 17:33:07.557094,,,
Product_1753223592,Electronics,Vendor D,2025-07-22 17:33:12.566456,,,
Product_1753223597,Books,Vendor C,2025-07-22 17:33:17.577667,,,
Product_1753223602,Books,Vendor A,2025-07-22 17:33:22.590612,,,
Product_1753223607,Grocery,Vendor D,2025-07-22 17:33:27.596418,,,
Product_1753223612,Books,Vendor E,2025-07-22 17:33:32.608068,,,
Product_1753223617,Clothing,Vendor C,2025-07-22 17:33:37.616864,,,
Product_1753223622,Clothing,Vendor D,2025-07-22 17:33:42.626122,,,
Product_1753223627,Grocery,Vendor E,2025-07-22 17:33:47.632089,,,
Product_1753223632,Grocery,Vendor E,2025-07-22 17:33:52.639074,,,
Product_1753223637,Grocery,Vendor C,2025-07-22 17:33:57.649597,,,
Product_1753223642,Books,Vendor E,2025-07-22 17:34:02.658987,,,
Product_1753223647,Electronics,Vendor D,2025-07-22 17:34:07.668633,,,
Product_1753223652,Clothing,Vendor D,2025-07-22 17:34:12.678451,,,
Product_1753223657,Toys,Vendor D,2025-07-22 17:34:17.688763,,,
Product_1753223662,Clothing,Vendor D,2025-07-22 17:34:22.698086,,,
Product_1753223667,Grocery,Vendor C,2025-07-22 17:34:27.703897,,,
Product_1753223672,Books,Vendor A,2025-07-22 17:34:32.710129,,,
Product_1753223677,Electronics,Vendor C,2025-07-22 17:34:37.720346,,,
Product_1753223682,Toys,Vendor E,2025-07-22 17:34:42.729506,,,
Product_1753223687,Books,Vendor C,2025-07-22 17:34:47.733893,,,
Product_1753223692,Toys,Vendor D,2025-07-22 17:34:52.745043,,,
Product_1753223697,Clothing,Vendor A,2025-07-22 17:34:57.756367,,,
Product_1753223702,Books,Vendor C,2025-07-22 17:35:02.762078,,,
Product_1753223707,Toys,Vendor E,2025-07-22 17:35:07.767672,,,
Product_1753223712,Clothing,Vendor A,2025-07-22 17:35:12.779386,,,
Product_1753223717,Grocery,Vendor D,2025-07-22 17:35:17.785462,,,
Product_1753223722,Toys,Vendor A,2025-07-22 17:35:22.791100,,,
Product_1753223727,Grocery,Vendor C,2025-07-22 17:35:27.803104,,,
Product_1753223732,Clothing,Vendor D,2025-07-22 17:35:32.808717,,,
Product_1753223737,Electronics,Vendor C,2025-07-22 17:35:37.813641,,,
Product_1753223742,Toys,Vendor B,2025-07-22 17:35:42.824977,,,
Product_1753223747,Electronics,Vendor B,2025-07-22 17:35:47.833112,,,
Product_1753223752,Grocery,Vendor C,2025-07-22 17:35:52.837891,,,
Product_1753223757,Electronics,Vendor B,2025-07-22 17:35:57.881677,,,
Product_1753223762,Toys,Vendor C,2025-07-22 17:36:02.890402,,,
Product_1753223767,Toys,Vendor E,2025-07-22 17:36:07.902330,,,
Product_1753223772,Electronics,Vendor D,2025-07-22 17:36:12.908360,,,
Product_1753223777,Books,Vendor A,2025-07-22 17:36:17.914827,,,
Product_1753223782,Toys,Vendor E,2025-07-22 17:36:22.924385,,,
Product_1753223787,Electronics,Vendor B,2025-07-22 17:36:27.933046,,,
Product_1753223792,Clothing,Vendor D,2025-07-22 17:36:32.942043,,,
Product_1753223797,Toys,Vendor A,2025-07-22 17:36:37.949014,,,
Product_1753223802,Books,Vendor A,2025-07-22 17:36:42.958262,,,
Product_1753223807,Toys,Vendor C,2025-07-22 17:36:47.968203,,,
Product_1753223812,Grocery,Vendor D,2025-07-22 17:36:52.978291,,,
Product_1753223817,Clothing,Vendor A,2025-07-22 17:36:57.988105,,,
Product_1753223822,Books,Vendor A,2025-07-22 17:37:02.993610,,,
Product_1753223828,Books,Vendor D,2025-07-22 17:37:08.002779,,,
Product_1753223833,Grocery,Vendor C,2025-07-22 17:37:13.009447,,,
Product_1753223838,Grocery,Vendor A,2025-07-22 17:37:18.015473,,,
Product_1753223843,Toys,Vendor E,2025-07-22 17:37:23.027972,,,
Product_1753223848,Clothing,Vendor A,2025-07-22 17:37:28.037356,,,
Product_1753223853,Grocery,Vendor C,2025-07-22 17:37:33.046068,,,
Product_1753223858,Toys,Vendor C,2025-07-22 17:37:38.051320,,,
Product_1753223863,Clothing,Vendor C,2025-07-22 17:37:43.061121,,,
Product_1753223868,Clothing,Vendor D,2025-07-22 17:37:48.065846,,,
Product_1753223873,Electronics,Vendor C,2025-07-22 17:37:53.076544,,,
Product_1753223878,Toys,Vendor D,2025-07-22 17:37:58.086906,,,
Product_1753223883,Grocery,Vendor E,2025-07-22 17:38:03.097316,,,
Product_1753223888,Toys,Vendor E,2025-07-22 17:38:08.101853,,,
Product_1753223893,Grocery,Vendor B,2025-07-22 17:38:13.111123,,,
Product_1753223898,Electronics,Vendor B,2025-07-22 17:38:18.120923,,,
Product_1753223903,Grocery,Vendor A,2025-07-22 17:38:23.126035,,,
Product_1753223908,Grocery,Vendor C,2025-07-22 17:38:28.137692,,,
Product_1753223913,Clothing,Vendor C,2025-07-22 17:38:33.148794,,,
Product_1753223918,Grocery,Vendor D,2025-07-22 17:38:38.154493,,,
Product_1753223923,Electronics,Vendor B,2025-07-22 17:38:43.164415,,,
Product_1753223928,Clothing,Vendor B,2025-07-22 17:38:48.169643,,,
Product_1753223933,Toys,Vendor C,2025-07-22 17:38:53.175150,,,
Product_1753223938,Toys,Vendor E,2025-07-22 17:38:58.181270,,,
Product_1753223943,Books,Vendor B,2025-07-22 17:39:03.191130,,,
Product_1753223948,Clothing,Vendor D,2025-07-22 17:39:08.197222,,,
Product_1753223953,Books,Vendor D,2025-07-22 17:39:13.209736,,,
Product_1753223958,Grocery,Vendor C,2025-07-22 17:39:18.219653,,,
Product_1753223963,Books,Vendor E,2025-07-22 17:39:23.225841,,,
Product_1753223968,Electronics,Vendor E,2025-07-22 17:39:28.244634,,,
Product_1753223973,Books,Vendor C,2025-07-22 17:39:33.255012,,,
Product_1753223978,Books,Vendor E,2025-07-22 17:39:38.260391,,,
Product_1753223983,Electronics,Vendor E,2025-07-22 17:39:43.271145,,,
Product_1753223988,Grocery,Vendor C,2025-07-22 17:39:48.277346,,,
Product_1753223993,Clothing,Vendor C,2025-07-22 17:39:53.297835,,,
Product_1753223998,Toys,Vendor B,2025-07-22 17:39:58.309129,,,
Product_1753224003,Toys,Vendor B,2025-07-22 17:40:03.318415,,,
Product_1753224008,Electronics,Vendor D,2025-07-22 17:40:08.327946,,,
Product_1753224013,Clothing,Vendor C,2025-07-22 17:40:13.339341,,,
Product_1753224018,Toys,Vendor B,2025-07-22 17:40:18.344355,,,
Product_1753224023,Books,Vendor C,2025-07-22 17:40:23.353508,,,
Product_1753224028,Books,Vendor C,2025-07-22 17:40:28.365216,,,
Product_1753224033,Clothing,Vendor D,2025-07-22 17:40:33.375546,,,
Product_1753224038,Books,Vendor A,2025-07-22 17:40:38.385920,,,
Product_1753224043,Books,Vendor E,2025-07-22 17:40:43.398041,,,
Product_1753224048,Electronics,Vendor A,2025-07-22 17:40:48.408181,,,
Product_1753224053,Electronics,Vendor E,2025-07-22 17:40:53.413037,,,
Product_1753224058,Clothing,Vendor E,2025-07-22 17:40:58.418829,,,
Product_1753224063,Grocery,Vendor E,2025-07-22 17:41:03.429439,,,
Product_1753224068,Clothing,Vendor D,2025-07-22 17:41:08.440863,,,
Product_1753224073,Grocery,Vendor E,2025-07-22 17:41:13.447343,,,
Product_1753224078,Clothing,Vendor D,2025-07-22 17:41:18.453463,,,
Product_1753224083,Books,Vendor B,2025-07-22 17:41:23.462810,,,
Product_1753224088,Toys,Vendor E,2025-07-22 17:41:28.469147,,,
Product_1753224093,Electronics,Vendor B,2025-07-22 17:41:33.474104,,,
Product_1753224098,Clothing,Vendor C,2025-07-22 17:41:38.483274,,,
Product_1753224103,Electronics,Vendor B,2025-07-22 17:41:43.488857,,,
Product_1753224108,Electronics,Vendor A,2025-07-22 17:41:48.498363,,,
Product_1753224113,Books,Vendor A,2025-07-22 17:41:53.508636,,,
Product_1753224118,Toys,Vendor D,2025-07-22 17:41:58.523403,,,
Product_1753224123,Books,Vendor E,2025-07-22 17:42:03.533505,,,
Product_1753224128,Toys,Vendor D,2025-07-22 17:42:08.542135,,,
Product_1753224133,Toys,Vendor D,2025-07-22 17:42:13.547793,,,
Product_1753224138,Electronics,Vendor B,2025-07-22 17:42:18.553177,,,
Product_1753224143,Grocery,Vendor D,2025-07-22 17:42:23.558782,,,
Product_1753224148,Grocery,Vendor A,2025-07-22 17:42:28.571490,,,
Product_1753224153,Toys,Vendor D,2025-07-22 17:42:33.580528,,,
Product_1753224158,Clothing,Vendor A,2025-07-22 17:42:38.592210,,,
Product_1753224163,Toys,Vendor E,2025-07-22 17:42:43.597644,,,
Product_1753224168,Grocery,Vendor B,2025-07-22 17:42:48.602975,,,
Product_1753224173,Books,Vendor A,2025-07-22 17:42:53.614030,,,
Product_1753224178,Electronics,Vendor D,2025-07-22 17:42:58.735391,,,
Product_1753224183,Grocery,Vendor A,2025-07-22 17:43:03.843663,,,
Product_1753224188,Electronics,Vendor C,2025-07-22 17:43:08.854568,,,
Product_1753224193,Grocery,Vendor C,2025-07-22 17:43:13.864298,,,
Product_1753224198,Electronics,Vendor E,2025-07-22 17:43:18.874788,,,
Product_1753224203,Grocery,Vendor B,2025-07-22 17:43:23.879632,,,
Product_1753224208,Grocery,Vendor B,2025-07-22 17:43:28.902283,,,
Product_1753224213,Books,Vendor A,2025-07-22 17:43:33.907686,,,
Product_1753224218,Books,Vendor A,2025-07-22 17:43:38.916751,,,
Product_1753224223,Electronics,Vendor D,2025-07-22 17:43:43.929935,,,
Product_1753224228,Clothing,Vendor A,2025-07-22 17:43:48.934569,,,
Product_1753224233,Clothing,Vendor B,2025-07-22 17:43:53.945425,,,
Product_1753224238,Clothing,Vendor D,2025-07-22 17:43:58.951168,,,
Product_1753224243,Toys,Vendor E,2025-07-22 17:44:03.962299,,,
Product_1753224248,Books,Vendor E,2025-07-22 17:44:08.975081,,,
Product_1753224253,Clothing,Vendor B,2025-07-22 17:44:13.986876,,,
Product_1753224258,Electronics,Vendor B,2025-07-22 17:44:18.992518,,,
Product_1753224264,Electronics,Vendor A,2025-07-22 17:44:24.005950,,,
Product_1753224269,Electronics,Vendor D,2025-07-22 17:44:29.019220,,,
Product_1753224274,Electronics,Vendor C,2025-07-22 17:44:34.031135,,,
Product_1753224279,Clothing,Vendor A,2025-07-22 17:44:39.040860,,,
Product_1753224284,Toys,Vendor C,2025-07-22 17:44:44.051918,,,
Product_1753224289,Books,Vendor D,2025-07-22 17:44:49.063152,,,
Product_1753224294,Electronics,Vendor D,2025-07-22 17:44:54.071971,,,
Product_1753224299,Electronics,Vendor A,2025-07-22 17:44:59.078247,,,
Product_1753224304,Toys,Vendor B,2025-07-22 17:45:04.088150,,,
Product_1753224309,Electronics,Vendor B,2025-07-22 17:45:09.097426,,,
Product_1753224314,Electronics,Vendor B,2025-07-22 17:45:14.110468,,,
Product_1753224319,Clothing,Vendor C,2025-07-22 17:45:19.116497,,,
Product_1753224324,Electronics,Vendor C,2025-07-22 17:45:24.131187,,,
Product_1753224329,Books,Vendor D,2025-07-22 17:45:29.160561,,,
Product_1753224334,Electronics,Vendor D,2025-07-22 17:45:34.215302,,,
Product_1753224339,Books,Vendor A,2025-07-22 17:45:39.359899,,,
Product_1753224344,Books,Vendor C,2025-07-22 17:45:44.369826,,,
Product_1753224349,Clothing,Vendor D,2025-07-22 17:45:49.375646,,,
Product_1753224354,Clothing,Vendor C,2025-07-22 17:45:54.381822,,,
Product_1753224359,Clothing,Vendor B,2025-07-22 17:45:59.392501,,,
Product_1753224364,Electronics,Vendor A,2025-07-22 17:46:04.403820,,,
Product_1753224369,Books,Vendor C,2025-07-22 17:46:09.409765,,,
Product_1753224374,Clothing,Vendor A,2025-07-22 17:46:14.421410,,,
Product_1753224379,Books,Vendor A,2025-07-22 17:46:19.432756,,,
Product_1753224384,Clothing,Vendor A,2025-07-22 17:46:24.437471,,,
Product_1753224389,Toys,Vendor B,2025-07-22 17:46:29.448733,,,
Product_1753224394,Books,Vendor E,2025-07-22 17:46:34.459376,,,
Product_1753224399,Books,Vendor E,2025-07-22 17:46:39.464326,,,
Product_1753224404,Toys,Vendor C,2025-07-22 17:46:44.476283,,,
Product_1753224409,Books,Vendor C,2025-07-22 17:46:49.487240,,,
Product_1753224414,Clothing,Vendor B,2025-07-22 17:46:54.496258,,,
Product_1753224419,Electronics,Vendor B,2025-07-22 17:46:59.510789,,,
Product_1753224424,Electronics,Vendor D,2025-07-22 17:47:04.523287,,,
Product_1753224429,Electronics,Vendor C,2025-07-22 17:47:09.532899,,,
Product_1753224434,Grocery,Vendor A,2025-07-22 17:47:14.544590,,,
Product_1753224439,Clothing,Vendor B,2025-07-22 17:47:19.555671,,,
Product_1753224444,Books,Vendor C,2025-07-22 17:47:24.566205,,,
Product_1753224449,Clothing,Vendor A,2025-07-22 17:47:29.577335,,,
Product_1753224454,Clothing,Vendor A,2025-07-22 17:47:34.586641,,,
Product_1753224459,Books,Vendor B,2025-07-22 17:47:39.595870,,,
Product_1753224464,Books,Vendor E,2025-07-22 17:47:44.606428,,,
Product_1753224469,Toys,Vendor B,2025-07-22 17:47:49.617800,,,
Product_1753224474,Clothing,Vendor A,2025-07-22 17:47:54.629129,,,
Product_1753224479,Electronics,Vendor E,2025-07-22 17:47:59.638859,,,
Product_1753224484,Books,Vendor B,2025-07-22 17:48:04.650538,,,
Product_1753224489,Clothing,Vendor B,2025-07-22 17:48:09.664244,,,
Product_1753224494,Grocery,Vendor B,2025-07-22 17:48:14.668784,,,
Product_1753224499,Toys,Vendor A,2025-07-22 17:48:19.677969,,,
Product_1753224504,Books,Vendor D,2025-07-22 17:48:24.687449,,,
Product_1753224509,Electronics,Vendor B,2025-07-22 17:48:29.698578,,,
Product_1753224514,Clothing,Vendor C,2025-07-22 17:48:34.708496,,,
Product_1753224519,Books,Vendor D,2025-07-22 17:48:39.717414,,,
Product_1753224524,Books,Vendor B,2025-07-22 17:48:44.723206,,,
Product_1753224529,Books,Vendor B,2025-07-22 17:48:49.731752,,,
Product_1753224534,Electronics,Vendor E,2025-07-22 17:48:54.737366,,,
Product_1753224539,Electronics,Vendor A,2025-07-22 17:48:59.742609,,,
Product_1753224544,Grocery,Vendor A,2025-07-22 17:49:04.753261,,,
Product_1753224549,Electronics,Vendor C,2025-07-22 17:49:09.762501,,,
Product_1753224554,Clothing,Vendor E,2025-07-22 17:49:14.768622,,,
Product_1753224559,Toys,Vendor C,2025-07-22 17:49:19.777301,,,
Product_1753224564,Electronics,Vendor C,2025-07-22 17:49:24.786799,,,
Product_1753224569,Grocery,Vendor B,2025-07-22 17:49:29.792375,,,
Product_1753224574,Clothing,Vendor D,2025-07-22 17:49:34.798115,,,
Product_1753224579,Electronics,Vendor A,2025-07-22 17:49:39.808905,,,
Product_1753224584,Grocery,Vendor A,2025-07-22 17:49:44.813782,,,
Product_1753224589,Books,Vendor B,2025-07-22 17:49:49.823706,,,
Product_1753224594,Electronics,Vendor B,2025-07-22 17:49:54.832393,,,
Product_1753224599,Electronics,Vendor D,2025-07-22 17:49:59.837598,,,
Product_1753224604,Toys,Vendor A,2025-07-22 17:50:04.846787,,,
Product_1753224609,Clothing,Vendor B,2025-07-22 17:50:09.856029,,,
Product_1753224614,Electronics,Vendor E,2025-07-22 17:50:14.861745,,,
Product_1753224619,Books,Vendor C,2025-07-22 17:50:19.872368,,,
Product_1753224624,Clothing,Vendor D,2025-07-22 17:50:24.882528,,,
Product_1753224629,Grocery,Vendor B,2025-07-22 17:50:29.891249,,,
Product_1753224634,Clothing,Vendor D,2025-07-22 17:50:34.900765,,,
Product_1753224639,Toys,Vendor C,2025-07-22 17:50:39.910666,,,
Product_1753224644,Toys,Vendor D,2025-07-22 17:50:44.916770,,,
Product_1753224649,Electronics,Vendor B,2025-07-22 17:50:49.929994,,,
Product_1753224654,Electronics,Vendor D,2025-07-22 17:50:54.936063,,,
Product_1753224659,Clothing,Vendor A,2025-07-22 17:50:59.944876,,,
Product_1753224664,Electronics,Vendor B,2025-07-22 17:51:04.949385,,,
Product_1753224669,Clothing,Vendor C,2025-07-22 17:51:09.959163,,,
Product_1753224674,Books,Vendor E,2025-07-22 17:51:14.968458,,,
Product_1753224679,Grocery,Vendor A,2025-07-22 17:51:19.979522,,,
Product_1753224684,Grocery,Vendor C,2025-07-22 17:51:24.989970,,,
Product_1753224689,Toys,Vendor E,2025-07-22 17:51:29.999533,,,
Product_1753224695,Clothing,Vendor B,2025-07-22 17:51:35.004611,,,
Product_1753224700,Books,Vendor C,2025-07-22 17:51:40.019421,,,
Product_1753224705,Books,Vendor E,2025-07-22 17:51:45.028907,,,
Product_1753224710,Electronics,Vendor C,2025-07-22 17:51:50.040099,,,
Product_1753224715,Electronics,Vendor E,2025-07-22 17:51:55.050188,,,
Product_1753224720,Toys,Vendor C,2025-07-22 17:52:00.055900,,,
Product_1753224725,Electronics,Vendor C,2025-07-22 17:52:05.068311,,,
Product_1753224730,Electronics,Vendor B,2025-07-22 17:52:10.079393,,,
Product_1753224735,Grocery,Vendor D,2025-07-22 17:52:15.089425,,,
Product_1753224740,Electronics,Vendor C,2025-07-22 17:52:20.093865,,,
Product_1753224745,Clothing,Vendor E,2025-07-22 17:52:25.104885,,,
Product_1753224750,Books,Vendor C,2025-07-22 17:52:30.114944,,,
Product_1753224755,Toys,Vendor D,2025-07-22 17:52:35.125587,,,
Product_1753224760,Toys,Vendor A,2025-07-22 17:52:40.135286,,,
Product_1753224765,Clothing,Vendor C,2025-07-22 17:52:45.145354,,,
Product_1753224770,Grocery,Vendor A,2025-07-22 17:52:50.156315,,,
Product_1753224775,Toys,Vendor E,2025-07-22 17:52:55.167000,,,
Product_1753224780,Toys,Vendor C,2025-07-22 17:53:00.172496,,,
Product_1753224785,Toys,Vendor B,2025-07-22 17:53:05.178747,,,
Product_1753224790,Grocery,Vendor C,2025-07-22 17:53:10.190296,,,
Product_1753224795,Books,Vendor B,2025-07-22 17:53:15.202749,,,
Product_1753224800,Electronics,Vendor E,2025-07-22 17:53:20.208911,,,
Product_1753224805,Grocery,Vendor A,2025-07-22 17:53:25.214294,,,
Product_1753224810,Books,Vendor A,2025-07-22 17:53:30.223085,,,
Product_1753224815,Grocery,Vendor E,2025-07-22 17:53:35.228787,,,
Product_1753224820,Toys,Vendor C,2025-07-22 17:53:40.239953,,,
Product_1753224825,Grocery,Vendor C,2025-07-22 17:53:45.254662,,,
Product_1753224830,Electronics,Vendor A,2025-07-22 17:53:50.260297,,,
Product_1753224835,Books,Vendor B,2025-07-22 17:53:55.272719,,,
Product_1753224840,Electronics,Vendor C,2025-07-22 17:54:00.283234,,,
Product_1753224845,Grocery,Vendor B,2025-07-22 17:54:05.287515,,,
Product_1753224850,Clothing,Vendor C,2025-07-22 17:54:10.292347,,,
Product_1753224855,Toys,Vendor E,2025-07-22 17:54:15.304482,,,
Product_1753224860,Toys,Vendor D,2025-07-22 17:54:20.314586,,,
Product_1753224865,Toys,Vendor D,2025-07-22 17:54:25.325914,,,
Product_1753224870,Electronics,Vendor C,2025-07-22 17:54:30.337017,,,
Product_1753224875,Electronics,Vendor B,2025-07-22 17:54:35.346864,,,
Product_1753224880,Grocery,Vendor C,2025-07-22 17:54:40.357596,,,
Product_1753224885,Toys,Vendor D,2025-07-22 17:54:45.369193,,,
Product_1753224890,Books,Vendor C,2025-07-22 17:54:50.378700,,,
Product_1753224895,Electronics,Vendor D,2025-07-22 17:54:55.390013,,,
Product_1753224900,Toys,Vendor B,2025-07-22 17:55:00.402250,,,
Product_1753224905,Toys,Vendor E,2025-07-22 17:55:05.412366,,,
Product_1753224910,Clothing,Vendor D,2025-07-22 17:55:10.423838,,,
Product_1753224915,Toys,Vendor B,2025-07-22 17:55:15.434947,,,
Product_1753224920,Electronics,Vendor E,2025-07-22 17:55:20.446707,,,
Product_1753224925,Electronics,Vendor E,2025-07-22 17:55:25.458038,,,
Product_1753224930,Clothing,Vendor D,2025-07-22 17:55:30.466452,,,
Product_1753224935,Toys,Vendor E,2025-07-22 17:55:35.478264,,,
Product_1753224940,Clothing,Vendor C,2025-07-22 17:55:40.483613,,,
Product_1753224945,Books,Vendor A,2025-07-22 17:55:45.488450,,,
Product_1753224950,Clothing,Vendor B,2025-07-22 17:55:50.493773,,,
Product_1753224955,Clothing,Vendor B,2025-07-22 17:55:55.498450,,,
Product_1753224960,Books,Vendor E,2025-07-22 17:56:00.508776,,,
Product_1753224965,Books,Vendor D,2025-07-22 17:56:05.519112,,,
Product_1753224970,Toys,Vendor A,2025-07-22 17:56:10.524665,,,
Product_1753224975,Electronics,Vendor E,2025-07-22 17:56:15.534479,,,
Product_1753224980,Books,Vendor A,2025-07-22 17:56:20.550693,,,
Product_1753224985,Clothing,Vendor B,2025-07-22 17:56:25.556875,,,
Product_1753224990,Toys,Vendor A,2025-07-22 17:56:30.566866,,,
Product_1753224995,Grocery,Vendor A,2025-07-22 17:56:35.577220,,,
Product_1753225000,Toys,Vendor C,2025-07-22 17:56:40.583036,,,
Product_1753225005,Clothing,Vendor E,2025-07-22 17:56:45.592592,,,
Product_1753225010,Electronics,Vendor E,2025-07-22 17:56:50.601036,,,
Product_1753225015,Grocery,Vendor A,2025-07-22 17:56:55.608400,,,
Product_1753225020,Toys,Vendor B,2025-07-22 17:57:00.615576,,,
Product_1753225025,Books,Vendor A,2025-07-22 17:57:05.626032,,,
Product_1753225030,Grocery,Vendor A,2025-07-22 17:57:10.631898,,,
Product_1753225035,Electronics,Vendor D,2025-07-22 17:57:15.642062,,,
Product_1753225040,Grocery,Vendor E,2025-07-22 17:57:20.652695,,,
Product_1753225045,Electronics,Vendor B,2025-07-22 17:57:25.661532,,,
Product_1753225050,Clothing,Vendor E,2025-07-22 17:57:30.671083,,,
Product_1753225055,Toys,Vendor B,2025-07-22 17:57:35.681369,,,
Product_1753225060,Books,Vendor A,2025-07-22 17:57:40.690670,,,
Product_1753225065,Clothing,Vendor D,2025-07-22 17:57:45.702084,,,
Product_1753225070,Grocery,Vendor D,2025-07-22 17:57:50.707878,,,
Product_1753225075,Books,Vendor C,2025-07-22 17:57:55.719085,,,
Product_1753225080,Electronics,Vendor E,2025-07-22 17:58:00.728651,,,
Product_1753225085,Electronics,Vendor E,2025-07-22 17:58:05.737237,,,
Product_1753225090,Clothing,Vendor D,2025-07-22 17:58:10.747264,,,
Product_1753225095,Electronics,Vendor D,2025-07-22 17:58:15.758662,,,
Product_1753225100,Grocery,Vendor A,2025-07-22 17:58:20.769714,,,
Product_1753225105,Toys,Vendor B,2025-07-22 17:58:25.779184,,,
Product_1753225110,Clothing,Vendor D,2025-07-22 17:58:30.785647,,,
Product_1753225115,Clothing,Vendor B,2025-07-22 17:58:35.794555,,,
Product_1753225120,Toys,Vendor D,2025-07-22 17:58:40.804115,,,
Product_1753225125,Toys,Vendor A,2025-07-22 17:58:45.815506,,,
Product_1753225130,Grocery,Vendor E,2025-07-22 17:58:50.820736,,,
Product_1753225135,Clothing,Vendor D,2025-07-22 17:58:55.830123,,,
Product_1753225140,Books,Vendor A,2025-07-22 17:59:00.925515,,,
Product_1753225145,Clothing,Vendor B,2025-07-22 17:59:05.937024,,,
Product_1753225150,Books,Vendor D,2025-07-22 17:59:10.946916,,,
Product_1753225155,Clothing,Vendor A,2025-07-22 17:59:15.952092,,,
Product_1753225160,Grocery,Vendor D,2025-07-22 17:59:20.958683,,,
Product_1753225165,Clothing,Vendor B,2025-07-22 17:59:25.968081,,,
Product_1753225170,Clothing,Vendor B,2025-07-22 17:59:30.974494,,,
Product_1753225175,Electronics,Vendor A,2025-07-22 17:59:35.986232,,,
Product_1753225180,Toys,Vendor B,2025-07-22 17:59:40.995413,,,
Product_1753225186,Clothing,Vendor C,2025-07-22 17:59:46.000812,,,
Product_1753225191,Books,Vendor E,2025-07-22 17:59:51.010607,,,
Product_1753225196,Toys,Vendor C,2025-07-22 17:59:56.021870,,,
Product_1753225201,Books,Vendor B,2025-07-22 18:00:01.027593,,,
Product_1753225206,Books,Vendor C,2025-07-22 18:00:06.040041,,,
Product_1753225211,Toys,Vendor E,2025-07-22 18:00:11.051060,,,
Product_1753225216,Clothing,Vendor E,2025-07-22 18:00:16.060394,,,
Product_1753225221,Books,Vendor B,2025-07-22 18:00:21.069079,,,
Product_1753225226,Clothing,Vendor A,2025-07-22 18:00:26.078001,,,
Product_1753225231,Electronics,Vendor A,2025-07-22 18:00:31.087979,,,
Product_1753225236,Books,Vendor D,2025-07-22 18:00:36.099655,,,
Product_1753225241,Clothing,Vendor A,2025-07-22 18:00:41.112005,,,
Product_1753225246,Books,Vendor C,2025-07-22 18:00:46.118401,,,
Product_1753225251,Toys,Vendor D,2025-07-22 18:00:51.128328,,,
Product_1753225256,Electronics,Vendor C,2025-07-22 18:00:56.138579,,,
Product_1753225261,Electronics,Vendor C,2025-07-22 18:01:01.148189,,,
Product_1753225266,Toys,Vendor B,2025-07-22 18:01:06.157899,,,
Product_1753225271,Clothing,Vendor D,2025-07-22 18:01:11.164257,,,
Product_1753225276,Books,Vendor A,2025-07-22 18:01:16.169925,,,
Product_1753225281,Electronics,Vendor B,2025-07-22 18:01:21.175376,,,
Product_1753225286,Electronics,Vendor B,2025-07-22 18:01:26.184602,,,
Product_1753225291,Clothing,Vendor D,2025-07-22 18:01:31.193229,,,
Product_1753225296,Grocery,Vendor D,2025-07-22 18:01:36.201852,,,
Product_1753225301,Electronics,Vendor C,2025-07-22 18:01:41.213938,,,
Product_1753225306,Books,Vendor C,2025-07-22 18:01:46.224148,,,
Product_1753225311,Electronics,Vendor C,2025-07-22 18:01:51.238612,,,
Product_1753225316,Clothing,Vendor D,2025-07-22 18:01:56.245532,,,
Product_1753225321,Books,Vendor E,2025-07-22 18:02:01.255778,,,
Product_1753225326,Electronics,Vendor A,2025-07-22 18:02:06.260058,,,
Product_1753225331,Books,Vendor C,2025-07-22 18:02:11.270500,,,
Product_1753225336,Books,Vendor A,2025-07-22 18:02:16.280085,,,
Product_1753225341,Electronics,Vendor A,2025-07-22 18:02:21.286087,,,
Product_1753225346,Electronics,Vendor D,2025-07-22 18:02:26.297704,,,
Product_1753225351,Grocery,Vendor E,2025-07-22 18:02:31.307475,,,
Product_1753225356,Clothing,Vendor C,2025-07-22 18:02:36.332221,,,
Product_1753225361,Electronics,Vendor A,2025-07-22 18:02:41.343501,,,
Product_1753225366,Grocery,Vendor B,2025-07-22 18:02:46.349108,,,
Product_1753225371,Toys,Vendor E,2025-07-22 18:02:51.355167,,,
Product_1753225376,Grocery,Vendor E,2025-07-22 18:02:56.367178,,,
Product_1753225381,Clothing,Vendor B,2025-07-22 18:03:01.379468,,,
Product_1753225386,Electronics,Vendor D,2025-07-22 18:03:06.384761,,,
Product_1753225391,Toys,Vendor C,2025-07-22 18:03:11.395933,,,
Product_1753225396,Toys,Vendor B,2025-07-22 18:03:16.405186,,,
Product_1753225401,Toys,Vendor C,2025-07-22 18:03:21.415040,,,
Product_1753225406,Books,Vendor E,2025-07-22 18:03:26.427130,,,
Product_1753225411,Grocery,Vendor C,2025-07-22 18:03:31.438794,,,
Product_1753225416,Clothing,Vendor E,2025-07-22 18:03:36.445550,,,
Product_1753225421,Electronics,Vendor B,2025-07-22 18:03:41.452594,,,
Product_1753225426,Toys,Vendor D,2025-07-22 18:03:46.457357,,,
Product_1753225431,Books,Vendor A,2025-07-22 18:03:51.465532,,,
Product_1753225436,Clothing,Vendor D,2025-07-22 18:03:56.476616,,,
Product_1753225441,Grocery,Vendor E,2025-07-22 18:04:01.488331,,,
Product_1753225446,Books,Vendor D,2025-07-22 18:04:06.499357,,,
Product_1753225451,Toys,Vendor C,2025-07-22 18:04:11.509330,,,
Product_1753225456,Toys,Vendor E,2025-07-22 18:04:16.518835,,,
Product_1753225461,Clothing,Vendor E,2025-07-22 18:04:21.527629,,,
Product_1753225466,Toys,Vendor B,2025-07-22 18:04:26.537179,,,
Product_1753225471,Toys,Vendor D,2025-07-22 18:04:31.547809,,,
Product_1753225476,Books,Vendor D,2025-07-22 18:04:36.557957,,,
Product_1753225481,Electronics,Vendor C,2025-07-22 18:04:41.567638,,,
Product_1753225486,Clothing,Vendor D,2025-07-22 18:04:46.577991,,,
Product_1753225491,Grocery,Vendor E,2025-07-22 18:04:51.586116,,,
Product_1753225496,Electronics,Vendor B,2025-07-22 18:04:56.592026,,,
Product_1753225501,Toys,Vendor A,2025-07-22 18:05:01.606370,,,
Product_1753225506,Clothing,Vendor D,2025-07-22 18:05:06.616579,,,
Product_1753225511,Grocery,Vendor E,2025-07-22 18:05:11.622984,,,
Product_1753225516,Clothing,Vendor B,2025-07-22 18:05:16.628900,,,
Product_1753225521,Toys,Vendor A,2025-07-22 18:05:21.638259,,,
Product_1753225526,Electronics,Vendor A,2025-07-22 18:05:26.643487,,,
Product_1753225531,Toys,Vendor D,2025-07-22 18:05:31.653680,,,
Product_1753225536,Grocery,Vendor D,2025-07-22 18:05:36.659196,,,
Product_1753225541,Toys,Vendor C,2025-07-22 18:05:41.664189,,,
Product_1753225546,Clothing,Vendor A,2025-07-22 18:05:46.673223,,,
Product_1753225551,Grocery,Vendor D,2025-07-22 18:05:51.679826,,,
Product_1753225556,Electronics,Vendor A,2025-07-22 18:05:56.685446,,,
Product_1753225561,Electronics,Vendor B,2025-07-22 18:06:01.695595,,,
Product_1753225566,Electronics,Vendor C,2025-07-22 18:06:06.701416,,,
Product_1753225571,Toys,Vendor B,2025-07-22 18:06:11.707417,,,
Product_1753225576,Toys,Vendor B,2025-07-22 18:06:16.712787,,,
Product_1753225581,Books,Vendor E,2025-07-22 18:06:21.717447,,,
Product_1753225586,Books,Vendor A,2025-07-22 18:06:26.723319,,,
Product_1753225591,Books,Vendor C,2025-07-22 18:06:31.735144,,,
Product_1753225596,Toys,Vendor A,2025-07-22 18:06:36.746735,,,
Product_1753225601,Toys,Vendor D,2025-07-22 18:06:41.753609,,,
Product_1753225606,Grocery,Vendor C,2025-07-22 18:06:46.763668,,,
Product_1753225611,Electronics,Vendor D,2025-07-22 18:06:51.769137,,,
Product_1753225616,Clothing,Vendor E,2025-07-22 18:06:56.776255,,,
Product_1753225621,Toys,Vendor C,2025-07-22 18:07:01.786693,,,
Product_1753225626,Toys,Vendor B,2025-07-22 18:07:06.792436,,,
Product_1753225631,Books,Vendor D,2025-07-22 18:07:11.802243,,,
Product_1753225636,Toys,Vendor B,2025-07-22 18:07:16.808646,,,
Product_1753225641,Books,Vendor B,2025-07-22 18:07:21.818238,,,
Product_1753225646,Books,Vendor A,2025-07-22 18:07:26.826722,,,
Product_1753225651,Toys,Vendor B,2025-07-22 18:07:31.836413,,,
Product_1753225656,Toys,Vendor C,2025-07-22 18:07:36.842684,,,
Product_1753225661,Grocery,Vendor A,2025-07-22 18:07:41.852733,,,
Product_1753225666,Grocery,Vendor C,2025-07-22 18:07:46.862232,,,
Product_1753225671,Electronics,Vendor E,2025-07-22 18:07:51.868665,,,
Product_1753225676,Grocery,Vendor A,2025-07-22 18:07:56.873781,,,
Product_1753225681,Books,Vendor D,2025-07-22 18:08:01.883906,,,
Product_1753225686,Grocery,Vendor A,2025-07-22 18:08:06.888899,,,
Product_1753225691,Electronics,Vendor C,2025-07-22 18:08:11.898108,,,
Product_1753225696,Toys,Vendor E,2025-07-22 18:08:16.907139,,,
Product_1753225701,Electronics,Vendor D,2025-07-22 18:08:21.919426,,,
Product_1753225706,Books,Vendor C,2025-07-22 18:08:26.928110,,,
Product_1753225711,Books,Vendor A,2025-07-22 18:08:31.937653,,,
Product_1753225716,Toys,Vendor B,2025-07-22 18:08:36.947334,,,
Product_1753225721,Clothing,Vendor E,2025-07-22 18:08:41.956263,,,
Product_1753225726,Electronics,Vendor E,2025-07-22 18:08:46.961502,,,
Product_1753225731,Clothing,Vendor D,2025-07-22 18:08:51.970715,,,
Product_1753225736,Electronics,Vendor D,2025-07-22 18:08:56.980192,,,
Product_1753225741,Grocery,Vendor A,2025-07-22 18:09:01.987284,,,
Product_1753225746,Books,Vendor E,2025-07-22 18:09:06.996750,,,
Product_1753225752,Books,Vendor A,2025-07-22 18:09:12.002799,,,
Product_1753225757,Grocery,Vendor B,2025-07-22 18:09:17.007891,,,
Product_1753225762,Grocery,Vendor C,2025-07-22 18:09:22.017887,,,
Product_1753225767,Clothing,Vendor E,2025-07-22 18:09:27.028890,,,
Product_1753225772,Toys,Vendor A,2025-07-22 18:09:32.032994,,,
Product_1753225777,Books,Vendor B,2025-07-22 18:09:37.037967,,,
Product_1753225782,Grocery,Vendor E,2025-07-22 18:09:42.046313,,,
Product_1753225787,Clothing,Vendor C,2025-07-22 18:09:47.051542,,,
Product_1753225792,Grocery,Vendor D,2025-07-22 18:09:52.057190,,,
Product_1753225797,Electronics,Vendor D,2025-07-22 18:09:57.062915,,,
Product_1753225802,Toys,Vendor A,2025-07-22 18:10:02.068441,,,
Product_1753225807,Books,Vendor E,2025-07-22 18:10:07.073472,,,
Product_1753225813,Clothing,Vendor A,2025-07-22 18:10:13.119707,,,
Product_1753225818,Books,Vendor D,2025-07-22 18:10:18.125207,,,
Product_1753225823,Grocery,Vendor D,2025-07-22 18:10:23.135931,,,
Product_1753225828,Grocery,Vendor E,2025-07-22 18:10:28.145933,,,
Product_1753225833,Clothing,Vendor B,2025-07-22 18:10:33.158279,,,
Product_1753225838,Electronics,Vendor E,2025-07-22 18:10:38.169812,,,
Product_1753225843,Grocery,Vendor D,2025-07-22 18:10:43.174714,,,
Product_1753225848,Grocery,Vendor E,2025-07-22 18:10:48.183136,,,
Product_1753225853,Grocery,Vendor C,2025-07-22 18:10:53.195942,,,
Product_1753225858,Toys,Vendor B,2025-07-22 18:10:58.205378,,,
Product_1753225863,Electronics,Vendor C,2025-07-22 18:11:03.216705,,,
Product_1753225868,Toys,Vendor E,2025-07-22 18:11:08.228540,,,
Product_1753225873,Books,Vendor A,2025-07-22 18:11:13.234591,,,
Product_1753225878,Clothing,Vendor E,2025-07-22 18:11:18.245324,,,
Product_1753225883,Grocery,Vendor D,2025-07-22 18:11:23.250516,,,
Product_1753225888,Grocery,Vendor E,2025-07-22 18:11:28.258347,,,
Product_1753225893,Clothing,Vendor B,2025-07-22 18:11:33.269516,,,
Product_1753225898,Books,Vendor A,2025-07-22 18:11:38.281500,,,
Product_1753225903,Electronics,Vendor A,2025-07-22 18:11:43.293459,,,
Product_1753225908,Books,Vendor D,2025-07-22 18:11:48.302228,,,
Product_1753225913,Toys,Vendor E,2025-07-22 18:11:53.309661,,,
Product_1753225918,Electronics,Vendor A,2025-07-22 18:11:58.317885,,,
Product_1753225923,Electronics,Vendor D,2025-07-22 18:12:03.323380,,,
Product_1753225928,Grocery,Vendor A,2025-07-22 18:12:08.764340,,,
Product_1753225933,Books,Vendor E,2025-07-22 18:12:13.773537,,,
Product_1753225938,Toys,Vendor C,2025-07-22 18:12:18.784008,,,
Product_1753225943,Grocery,Vendor C,2025-07-22 18:12:23.789947,,,
Product_1753225948,Electronics,Vendor C,2025-07-22 18:12:28.799861,,,
Product_1753225953,Grocery,Vendor C,2025-07-22 18:12:33.809620,,,
Product_1753225958,Grocery,Vendor A,2025-07-22 18:12:38.815193,,,
Product_1753225963,Electronics,Vendor A,2025-07-22 18:12:43.824673,,,
Product_1753225968,Toys,Vendor A,2025-07-22 18:12:48.833697,,,
Product_1753225973,Electronics,Vendor B,2025-07-22 18:12:53.839345,,,
Product_1753225978,Electronics,Vendor C,2025-07-22 18:12:58.847924,,,
Product_1753225983,Clothing,Vendor E,2025-07-22 18:13:03.856633,,,
Product_1753225988,Electronics,Vendor E,2025-07-22 18:13:08.862456,,,
Product_1753225993,Books,Vendor E,2025-07-22 18:13:13.874353,,,
Product_1753225998,Toys,Vendor C,2025-07-22 18:13:18.885502,,,
Product_1753226003,Books,Vendor B,2025-07-22 18:13:23.891873,,,
Product_1753226008,Toys,Vendor B,2025-07-22 18:13:28.901337,,,
Product_1753226013,Clothing,Vendor C,2025-07-22 18:13:33.911111,,,
Product_1753226018,Toys,Vendor E,2025-07-22 18:13:38.916503,,,
Product_1753226023,Toys,Vendor D,2025-07-22 18:13:43.928761,,,
Product_1753226028,Toys,Vendor A,2025-07-22 18:13:48.941037,,,
Product_1753226033,Grocery,Vendor A,2025-07-22 18:13:53.950613,,,
Product_1753226038,Toys,Vendor B,2025-07-22 18:13:58.961859,,,
Product_1753226043,Electronics,Vendor E,2025-07-22 18:14:03.972905,,,
Product_1753226048,Clothing,Vendor B,2025-07-22 18:14:08.982564,,,
Product_1753226053,Books,Vendor C,2025-07-22 18:14:13.994548,,,
Product_1753226059,Toys,Vendor E,2025-07-22 18:14:19.006188,,,
Product_1753226064,Clothing,Vendor A,2025-07-22 18:14:24.015828,,,
Product_1753226069,Grocery,Vendor B,2025-07-22 18:14:29.027377,,,
Product_1753226074,Toys,Vendor C,2025-07-22 18:14:34.038927,,,
Product_1753226079,Books,Vendor C,2025-07-22 18:14:39.047474,,,
Product_1753226084,Books,Vendor E,2025-07-22 18:14:44.054243,,,
Product_1753226089,Electronics,Vendor C,2025-07-22 18:14:49.066545,,,
Product_1753226094,Books,Vendor C,2025-07-22 18:14:54.076481,,,
Product_1753226099,Books,Vendor E,2025-07-22 18:14:59.087296,,,
Product_1753226104,Books,Vendor E,2025-07-22 18:15:04.099018,,,
Product_1753226109,Clothing,Vendor E,2025-07-22 18:15:09.109058,,,
Product_1753226114,Clothing,Vendor D,2025-07-22 18:15:14.119868,,,
Product_1753226119,Clothing,Vendor B,2025-07-22 18:15:19.131136,,,
Product_1753226124,Electronics,Vendor C,2025-07-22 18:15:24.136626,,,
Product_1753226129,Electronics,Vendor A,2025-07-22 18:15:29.141911,,,
Product_1753226134,Grocery,Vendor B,2025-07-22 18:15:34.152616,,,
Product_1753226139,Clothing,Vendor C,2025-07-22 18:15:39.164546,,,
Product_1753226144,Books,Vendor E,2025-07-22 18:15:44.169842,,,
Product_1753226149,Clothing,Vendor B,2025-07-22 18:15:49.181110,,,
Product_1753226154,Clothing,Vendor D,2025-07-22 18:15:54.190297,,,
Product_1753226159,Electronics,Vendor C,2025-07-22 18:15:59.195900,,,
Product_1753226164,Electronics,Vendor C,2025-07-22 18:16:04.306107,,,
Product_1753226169,Grocery,Vendor B,2025-07-22 18:16:09.317257,,,
Product_1753226174,Electronics,Vendor E,2025-07-22 18:16:14.325761,,,
Product_1753226179,Clothing,Vendor B,2025-07-22 18:16:19.331467,,,
Product_1753226184,Electronics,Vendor D,2025-07-22 18:16:24.341061,,,
Product_1753226189,Books,Vendor D,2025-07-22 18:16:29.350363,,,
Product_1753226194,Electronics,Vendor A,2025-07-22 18:16:34.361518,,,
Product_1753226199,Clothing,Vendor D,2025-07-22 18:16:39.373360,,,
Product_1753226204,Grocery,Vendor C,2025-07-22 18:16:44.382898,,,
Product_1753226209,Clothing,Vendor A,2025-07-22 18:16:49.393371,,,
Product_1753226214,Electronics,Vendor E,2025-07-22 18:16:54.401997,,,
Product_1753226219,Clothing,Vendor A,2025-07-22 18:16:59.411704,,,
Product_1753226224,Grocery,Vendor A,2025-07-22 18:17:04.416871,,,
Product_1753226229,Clothing,Vendor A,2025-07-22 18:17:09.429095,,,
Product_1753226234,Electronics,Vendor B,2025-07-22 18:17:14.440765,,,
Product_1753226239,Toys,Vendor A,2025-07-22 18:17:19.447694,,,
Product_1753226244,Clothing,Vendor C,2025-07-22 18:17:24.457415,,,
Product_1753226249,Electronics,Vendor C,2025-07-22 18:17:29.466701,,,
Product_1753226254,Clothing,Vendor E,2025-07-22 18:17:34.478643,,,
Product_1753226259,Clothing,Vendor D,2025-07-22 18:17:39.487866,,,
Product_1753226264,Toys,Vendor D,2025-07-22 18:17:44.497968,,,
Product_1753226269,Books,Vendor A,2025-07-22 18:17:49.511197,,,
Product_1753226274,Books,Vendor A,2025-07-22 18:17:54.520890,,,
Product_1753226279,Books,Vendor D,2025-07-22 18:17:59.530765,,,
Product_1753226284,Clothing,Vendor C,2025-07-22 18:18:04.536313,,,
Product_1753226289,Electronics,Vendor E,2025-07-22 18:18:09.545519,,,
Product_1753226294,Electronics,Vendor C,2025-07-22 18:18:14.556131,,,
Product_1753226299,Grocery,Vendor D,2025-07-22 18:18:19.561541,,,
Product_1753226304,Books,Vendor E,2025-07-22 18:18:24.571982,,,
Product_1753226309,Electronics,Vendor A,2025-07-22 18:18:29.581513,,,
Product_1753226314,Books,Vendor C,2025-07-22 18:18:34.597447,,,
Product_1753226319,Clothing,Vendor A,2025-07-22 18:18:39.606513,,,
Product_1753226324,Books,Vendor A,2025-07-22 18:18:44.616078,,,
Product_1753226329,Toys,Vendor D,2025-07-22 18:18:49.621952,,,
Product_1753226334,Grocery,Vendor B,2025-07-22 18:18:54.632852,,,
Product_1753226339,Toys,Vendor D,2025-07-22 18:18:59.643885,,,
Product_1753226344,Grocery,Vendor C,2025-07-22 18:19:04.649104,,,
Product_1753226349,Clothing,Vendor B,2025-07-22 18:19:09.654523,,,
Product_1753226354,Clothing,Vendor C,2025-07-22 18:19:14.663910,,,
Product_1753226359,Grocery,Vendor B,2025-07-22 18:19:19.772699,,,
Product_1753226364,Books,Vendor A,2025-07-22 18:19:24.784736,,,
Product_1753226369,Toys,Vendor A,2025-07-22 18:19:29.794182,,,
Product_1753226374,Clothing,Vendor E,2025-07-22 18:19:34.803421,,,
Product_1753226379,Toys,Vendor C,2025-07-22 18:19:39.811996,,,
Product_1753226384,Electronics,Vendor B,2025-07-22 18:19:44.822488,,,
Product_1753226389,Toys,Vendor B,2025-07-22 18:19:49.832923,,,
Product_1753226394,Electronics,Vendor D,2025-07-22 18:19:54.842227,,,
Product_1753226399,Clothing,Vendor A,2025-07-22 18:19:59.851924,,,
Product_1753226404,Books,Vendor A,2025-07-22 18:20:04.858211,,,
Product_1753226409,Clothing,Vendor C,2025-07-22 18:20:09.869774,,,
Product_1753226414,Clothing,Vendor C,2025-07-22 18:20:14.876068,,,
Product_1753226419,Books,Vendor E,2025-07-22 18:20:19.885258,,,
Product_1753226424,Clothing,Vendor E,2025-07-22 18:20:24.896844,,,
Product_1753226429,Electronics,Vendor B,2025-07-22 18:20:29.906291,,,
Product_1753226434,Electronics,Vendor C,2025-07-22 18:20:34.915861,,,
Product_1753226439,Electronics,Vendor D,2025-07-22 18:20:39.921578,,,
Product_1753226444,Toys,Vendor B,2025-07-22 18:20:44.931677,,,
Product_1753226449,Grocery,Vendor E,2025-07-22 18:20:49.941182,,,
Product_1753226454,Clothing,Vendor E,2025-07-22 18:20:54.945687,,,
Product_1753226459,Books,Vendor C,2025-07-22 18:20:59.955504,,,
Product_1753226464,Clothing,Vendor E,2025-07-22 18:21:04.961409,,,
Product_1753226469,Toys,Vendor D,2025-07-22 18:21:09.967032,,,
Product_1753226474,Clothing,Vendor E,2025-07-22 18:21:14.977759,,,
Product_1753226479,Books,Vendor D,2025-07-22 18:21:19.988468,,,
Product_1753226484,Electronics,Vendor E,2025-07-22 18:21:24.995514,,,
Product_1753226490,Books,Vendor E,2025-07-22 18:21:30.004997,,,
Product_1753226495,Toys,Vendor B,2025-07-22 18:21:35.014909,,,
Product_1753226500,Electronics,Vendor A,2025-07-22 18:21:40.020317,,,
Product_1753226505,Books,Vendor B,2025-07-22 18:21:45.742104,,,
Product_1753226510,Clothing,Vendor C,2025-07-22 18:21:50.747693,,,
Product_1753226515,Clothing,Vendor C,2025-07-22 18:21:55.760283,,,
Product_1753226520,Grocery,Vendor C,2025-07-22 18:22:00.769849,,,
Product_1753226525,Electronics,Vendor E,2025-07-22 18:22:05.780988,,,
Product_1753226530,Electronics,Vendor B,2025-07-22 18:22:10.786992,,,
Product_1753226535,Electronics,Vendor B,2025-07-22 18:22:15.791929,,,
Product_1753226540,Clothing,Vendor D,2025-07-22 18:22:20.798468,,,
Product_1753226545,Books,Vendor A,2025-07-22 18:22:25.803686,,,
Product_1753226550,Books,Vendor B,2025-07-22 18:22:30.810524,,,
Product_1753226555,Books,Vendor D,2025-07-22 18:22:35.815505,,,
Product_1753226560,Toys,Vendor D,2025-07-22 18:22:40.822963,,,
Product_1753226565,Grocery,Vendor D,2025-07-22 18:22:45.834202,,,
Product_1753226570,Books,Vendor E,2025-07-22 18:22:50.839501,,,
Product_1753226575,Grocery,Vendor C,2025-07-22 18:22:55.851819,,,
Product_1753226580,Clothing,Vendor E,2025-07-22 18:23:00.865010,,,
Product_1753226585,Toys,Vendor C,2025-07-22 18:23:05.870240,,,
Product_1753226590,Electronics,Vendor C,2025-07-22 18:23:10.881335,,,
Product_1753226595,Clothing,Vendor E,2025-07-22 18:23:15.893071,,,
Product_1753226600,Clothing,Vendor B,2025-07-22 18:23:20.899253,,,
Product_1753226605,Electronics,Vendor A,2025-07-22 18:23:25.904988,,,
Product_1753226610,Clothing,Vendor E,2025-07-22 18:23:30.909788,,,
Product_1753226615,Toys,Vendor C,2025-07-22 18:23:35.919493,,,
Product_1753226620,Grocery,Vendor E,2025-07-22 18:23:40.929549,,,
Product_1753226625,Books,Vendor B,2025-07-22 18:23:45.944464,,,
Product_1753226630,Grocery,Vendor A,2025-07-22 18:23:50.961713,,,
Product_1753226636,Clothing,Vendor C,2025-07-22 18:23:56.034028,,,
Product_1753226641,Grocery,Vendor B,2025-07-22 18:24:01.045499,,,
Product_1753226646,Clothing,Vendor B,2025-07-22 18:24:06.062739,,,
Product_1753226651,Books,Vendor D,2025-07-22 18:24:11.086435,,,
Product_1753226656,Grocery,Vendor E,2025-07-22 18:24:16.098953,,,
Product_1753226661,Toys,Vendor C,2025-07-22 18:24:21.109414,,,
Product_1753226666,Toys,Vendor E,2025-07-22 18:24:26.122070,,,
Product_1753226671,Electronics,Vendor A,2025-07-22 18:24:31.133347,,,
Product_1753226676,Books,Vendor A,2025-07-22 18:24:36.144879,,,
Product_1753226681,Books,Vendor C,2025-07-22 18:24:41.150671,,,
Product_1753226686,Books,Vendor D,2025-07-22 18:24:46.163400,,,
Product_1753226691,Grocery,Vendor B,2025-07-22 18:24:51.173207,,,
Product_1753226696,Toys,Vendor C,2025-07-22 18:24:56.179108,,,
Product_1753226701,Books,Vendor B,2025-07-22 18:25:01.184871,,,
Product_1753226706,Electronics,Vendor B,2025-07-22 18:25:06.190838,,,
Product_1753226711,Electronics,Vendor B,2025-07-22 18:25:11.195663,,,
Product_1753226716,Books,Vendor C,2025-07-22 18:25:16.206226,,,
Product_1753226721,Grocery,Vendor E,2025-07-22 18:25:21.212054,,,
Product_1753226726,Electronics,Vendor E,2025-07-22 18:25:26.217378,,,
Product_1753226731,Toys,Vendor A,2025-07-22 18:25:31.222779,,,
Product_1753226736,Toys,Vendor D,2025-07-22 18:25:36.229895,,,
Product_1753226741,Books,Vendor B,2025-07-22 18:25:41.235788,,,
Product_1753226746,Clothing,Vendor C,2025-07-22 18:25:46.246270,,,
Product_1753226751,Grocery,Vendor B,2025-07-22 18:25:51.252389,,,
Product_1753226756,Grocery,Vendor E,2025-07-22 18:25:56.258933,,,
Product_1753226761,Electronics,Vendor A,2025-07-22 18:26:01.268174,,,
Product_1753226766,Grocery,Vendor D,2025-07-22 18:26:06.274169,,,
Product_1753226771,Toys,Vendor E,2025-07-22 18:26:11.279534,,,
Product_1753226776,Books,Vendor D,2025-07-22 18:26:16.289052,,,
Product_1753226781,Electronics,Vendor A,2025-07-22 18:26:21.296030,,,
Product_1753226786,Toys,Vendor B,2025-07-22 18:26:26.302578,,,
Product_1753226791,Books,Vendor A,2025-07-22 18:26:31.314735,,,
Product_1753226796,Clothing,Vendor B,2025-07-22 18:26:36.324448,,,
Product_1753226801,Grocery,Vendor D,2025-07-22 18:26:41.330825,,,
Product_1753226806,Toys,Vendor C,2025-07-22 18:26:46.734513,,,
Product_1753226811,Clothing,Vendor C,2025-07-22 18:26:51.743693,,,
Product_1753226816,Electronics,Vendor D,2025-07-22 18:26:56.755631,,,
Product_1753226821,Toys,Vendor D,2025-07-22 18:27:01.763460,,,
Product_1753226826,Clothing,Vendor E,2025-07-22 18:27:06.773235,,,
Product_1753226831,Toys,Vendor C,2025-07-22 18:27:11.783020,,,
Product_1753226836,Books,Vendor C,2025-07-22 18:27:16.788817,,,
Product_1753226841,Grocery,Vendor E,2025-07-22 18:27:21.794111,,,
Product_1753226846,Toys,Vendor C,2025-07-22 18:27:26.805554,,,
Product_1753226851,Electronics,Vendor A,2025-07-22 18:27:31.814747,,,
Product_1753226856,Toys,Vendor D,2025-07-22 18:27:36.826676,,,
Product_1753226861,Clothing,Vendor A,2025-07-22 18:27:41.836438,,,
Product_1753226866,Clothing,Vendor B,2025-07-22 18:27:46.846018,,,
Product_1753226871,Grocery,Vendor C,2025-07-22 18:27:51.858460,,,
Product_1753226876,Toys,Vendor D,2025-07-22 18:27:56.869079,,,
Product_1753226881,Grocery,Vendor A,2025-07-22 18:28:01.877709,,,
Product_1753226886,Books,Vendor D,2025-07-22 18:28:06.883655,,,
Product_1753226891,Toys,Vendor C,2025-07-22 18:28:11.895105,,,
Product_1753226896,Grocery,Vendor E,2025-07-22 18:28:16.906273,,,
Product_1753226901,Clothing,Vendor E,2025-07-22 18:28:21.917385,,,
Product_1753226906,Clothing,Vendor B,2025-07-22 18:28:26.922307,,,
Product_1753226911,Books,Vendor C,2025-07-22 18:28:31.929701,,,
Product_1753226917,Grocery,Vendor A,2025-07-22 18:28:37.411580,,,
Product_1753226922,Clothing,Vendor E,2025-07-22 18:28:42.422660,,,
Product_1753226927,Toys,Vendor C,2025-07-22 18:28:47.429229,,,
Product_1753226932,Toys,Vendor B,2025-07-22 18:28:52.470973,,,
Product_1753226937,Toys,Vendor B,2025-07-22 18:28:57.478189,,,
Product_1753226942,Grocery,Vendor A,2025-07-22 18:29:02.488905,,,
Product_1753226947,Grocery,Vendor D,2025-07-22 18:29:07.493879,,,
Product_1753226952,Grocery,Vendor D,2025-07-22 18:29:12.500610,,,
Product_1753226957,Electronics,Vendor E,2025-07-22 18:29:17.506693,,,
Product_1753226962,Electronics,Vendor A,2025-07-22 18:29:22.512842,,,
Product_1753226967,Books,Vendor B,2025-07-22 18:29:27.518131,,,
Product_1753226972,Grocery,Vendor A,2025-07-22 18:29:32.523386,,,
Product_1753226977,Toys,Vendor D,2025-07-22 18:29:37.532685,,,
Product_1753226982,Grocery,Vendor A,2025-07-22 18:29:42.538201,,,
Product_1753226987,Clothing,Vendor A,2025-07-22 18:29:47.549397,,,
Product_1753226992,Toys,Vendor C,2025-07-22 18:29:52.555760,,,
Product_1753226997,Electronics,Vendor B,2025-07-22 18:29:57.561212,,,
Product_1753227002,Books,Vendor A,2025-07-22 18:30:02.568505,,,
Product_1753227007,Clothing,Vendor E,2025-07-22 18:30:07.577117,,,
Product_1753227012,Electronics,Vendor C,2025-07-22 18:30:12.582466,,,
Product_1753227017,Clothing,Vendor B,2025-07-22 18:30:17.593869,,,
Product_1753227022,Toys,Vendor A,2025-07-22 18:30:22.601678,,,
Product_1753227027,Toys,Vendor D,2025-07-22 18:30:27.606935,,,
Product_1753227032,Electronics,Vendor C,2025-07-22 18:30:32.618213,,,
Product_1753227037,Clothing,Vendor A,2025-07-22 18:30:37.623575,,,
Product_1753227042,Clothing,Vendor E,2025-07-22 18:30:42.629919,,,
Product_1753227047,Toys,Vendor E,2025-07-22 18:30:47.635665,,,
Product_1753227052,Books,Vendor A,2025-07-22 18:30:52.694605,,,
Product_1753227057,Grocery,Vendor E,2025-07-22 18:30:57.704652,,,
Product_1753227062,Books,Vendor E,2025-07-22 18:31:02.710001,,,
Product_1753227067,Electronics,Vendor B,2025-07-22 18:31:07.724369,,,
Product_1753227072,Books,Vendor E,2025-07-22 18:31:12.734916,,,
Product_1753227077,Toys,Vendor E,2025-07-22 18:31:17.745120,,,
Product_1753227082,Toys,Vendor A,2025-07-22 18:31:22.751990,,,
Product_1753227087,Books,Vendor D,2025-07-22 18:31:27.762702,,,
Product_1753227092,Electronics,Vendor A,2025-07-22 18:31:32.773853,,,
Product_1753227097,Grocery,Vendor E,2025-07-22 18:31:37.790216,,,
Product_1753227102,Clothing,Vendor E,2025-07-22 18:31:42.800186,,,
Product_1753227107,Clothing,Vendor A,2025-07-22 18:31:47.811396,,,
Product_1753227112,Grocery,Vendor B,2025-07-22 18:31:52.819945,,,
Product_1753227117,Clothing,Vendor B,2025-07-22 18:31:57.829025,,,
Product_1753227122,Toys,Vendor D,2025-07-22 18:32:02.841297,,,
Product_1753227127,Clothing,Vendor D,2025-07-22 18:32:07.852693,,,
Product_1753227132,Electronics,Vendor E,2025-07-22 18:32:12.863988,,,
Product_1753227137,Electronics,Vendor B,2025-07-22 18:32:17.869527,,,
Product_1753227142,Clothing,Vendor E,2025-07-22 18:32:22.874266,,,
Product_1753227147,Books,Vendor B,2025-07-22 18:32:27.885995,,,
Product_1753227152,Toys,Vendor D,2025-07-22 18:32:32.891196,,,
Product_1753227157,Grocery,Vendor D,2025-07-22 18:32:37.896968,,,
Product_1753227163,Clothing,Vendor B,2025-07-22 18:32:43.644891,,,
Product_1753227168,Clothing,Vendor D,2025-07-22 18:32:48.655374,,,
Product_1753227173,Books,Vendor A,2025-07-22 18:32:53.664878,,,
Product_1753227178,Toys,Vendor D,2025-07-22 18:32:58.674321,,,
Product_1753227183,Grocery,Vendor B,2025-07-22 18:33:03.685496,,,
Product_1753227188,Electronics,Vendor B,2025-07-22 18:33:08.695400,,,
Product_1753227193,Toys,Vendor D,2025-07-22 18:33:13.708117,,,
Product_1753227198,Electronics,Vendor D,2025-07-22 18:33:18.717310,,,
Product_1753227203,Toys,Vendor D,2025-07-22 18:33:23.742161,,,
Product_1753227208,Toys,Vendor C,2025-07-22 18:33:28.747201,,,
Product_1753227213,Toys,Vendor B,2025-07-22 18:33:33.753230,,,
Product_1753227218,Electronics,Vendor B,2025-07-22 18:33:38.762124,,,
Product_1753227223,Clothing,Vendor E,2025-07-22 18:33:43.769200,,,
Product_1753227228,Grocery,Vendor A,2025-07-22 18:33:48.779136,,,
Product_1753227233,Toys,Vendor C,2025-07-22 18:33:53.789490,,,
Product_1753227238,Electronics,Vendor A,2025-07-22 18:33:58.923506,,,
Product_1753227243,Electronics,Vendor D,2025-07-22 18:34:03.935091,,,
Product_1753227248,Clothing,Vendor C,2025-07-22 18:34:08.945053,,,
Product_1753227253,Electronics,Vendor D,2025-07-22 18:34:13.955136,,,
Product_1753227258,Clothing,Vendor E,2025-07-22 18:34:18.961327,,,
Product_1753227263,Clothing,Vendor C,2025-07-22 18:34:23.966777,,,
Product_1753227268,Electronics,Vendor E,2025-07-22 18:34:28.976598,,,
Product_1753227273,Clothing,Vendor C,2025-07-22 18:34:33.986238,,,
Product_1753227278,Clothing,Vendor B,2025-07-22 18:34:38.995291,,,
Product_1753227284,Toys,Vendor C,2025-07-22 18:34:44.001589,,,
Product_1753227289,Books,Vendor C,2025-07-22 18:34:49.013117,,,
Product_1753227294,Books,Vendor B,2025-07-22 18:34:54.025647,,,
Product_1753227299,Electronics,Vendor A,2025-07-22 18:34:59.036320,,,
Product_1753227304,Toys,Vendor C,2025-07-22 18:35:04.047549,,,
Product_1753227309,Electronics,Vendor B,2025-07-22 18:35:09.058433,,,
Product_1753227314,Clothing,Vendor C,2025-07-22 18:35:14.068828,,,
Product_1753227319,Clothing,Vendor C,2025-07-22 18:35:19.079753,,,
Product_1753227324,Clothing,Vendor B,2025-07-22 18:35:24.090029,,,
Product_1753227329,Grocery,Vendor B,2025-07-22 18:35:29.101282,,,
Product_1753227334,Books,Vendor D,2025-07-22 18:35:34.113324,,,
Product_1753227339,Grocery,Vendor C,2025-07-22 18:35:39.123810,,,
Product_1753227344,Electronics,Vendor D,2025-07-22 18:35:44.132472,,,
Product_1753227349,Grocery,Vendor D,2025-07-22 18:35:49.140582,,,
Product_1753227354,Books,Vendor D,2025-07-22 18:35:54.146522,,,
Product_1753227359,Electronics,Vendor A,2025-07-22 18:35:59.169087,,,
Product_1753227364,Electronics,Vendor D,2025-07-22 18:36:04.177848,,,
Product_1753227369,Clothing,Vendor E,2025-07-22 18:36:09.189323,,,
Product_1753227374,Grocery,Vendor A,2025-07-22 18:36:14.199253,,,
Product_1753227379,Toys,Vendor B,2025-07-22 18:36:19.203992,,,
Product_1753227384,Electronics,Vendor C,2025-07-22 18:36:24.214484,,,
Product_1753227389,Books,Vendor B,2025-07-22 18:36:29.224860,,,
Product_1753227394,Grocery,Vendor D,2025-07-22 18:36:34.230644,,,
Product_1753227399,Grocery,Vendor C,2025-07-22 18:36:39.240478,,,
Product_1753227404,Electronics,Vendor C,2025-07-22 18:36:44.245271,,,
Product_1753227409,Electronics,Vendor A,2025-07-22 18:36:49.252307,,,
Product_1753227414,Books,Vendor A,2025-07-22 18:36:54.256954,,,
Product_1753227419,Electronics,Vendor D,2025-07-22 18:36:59.267326,,,
Product_1753227424,Electronics,Vendor B,2025-07-22 18:37:04.273160,,,
Product_1753227429,Clothing,Vendor A,2025-07-22 18:37:09.284705,,,
Product_1753227434,Electronics,Vendor D,2025-07-22 18:37:14.290643,,,
Product_1753227439,Toys,Vendor C,2025-07-22 18:37:19.297810,,,
Product_1753227444,Books,Vendor B,2025-07-22 18:37:24.309369,,,
Product_1753227449,Clothing,Vendor D,2025-07-22 18:37:29.318286,,,
Product_1753227454,Books,Vendor E,2025-07-22 18:37:34.324007,,,
Product_1753227459,Toys,Vendor D,2025-07-22 18:37:39.334553,,,
Product_1753227464,Clothing,Vendor E,2025-07-22 18:37:44.340581,,,
Product_1753227469,Books,Vendor D,2025-07-22 18:37:49.350184,,,
Product_1753227474,Toys,Vendor D,2025-07-22 18:37:54.356997,,,
Product_1753227479,Clothing,Vendor D,2025-07-22 18:37:59.367639,,,
Product_1753227484,Electronics,Vendor D,2025-07-22 18:38:04.377443,,,
Product_1753227489,Books,Vendor C,2025-07-22 18:38:09.388294,,,
Product_1753227494,Grocery,Vendor E,2025-07-22 18:38:14.399830,,,
Product_1753227499,Electronics,Vendor D,2025-07-22 18:38:19.409963,,,
Product_1753227504,Grocery,Vendor B,2025-07-22 18:38:24.421860,,,
Product_1753227509,Electronics,Vendor C,2025-07-22 18:38:29.434018,,,
Product_1753227514,Books,Vendor A,2025-07-22 18:38:34.443992,,,
Product_1753227519,Books,Vendor B,2025-07-22 18:38:39.455672,,,
Product_1753227524,Clothing,Vendor C,2025-07-22 18:38:44.465091,,,
Product_1753227529,Books,Vendor B,2025-07-22 18:38:49.476088,,,
Product_1753227534,Books,Vendor D,2025-07-22 18:38:54.481540,,,
Product_1753227539,Grocery,Vendor E,2025-07-22 18:38:59.487159,,,
Product_1753227544,Clothing,Vendor C,2025-07-22 18:39:04.499557,,,
Product_1753227549,Electronics,Vendor D,2025-07-22 18:39:09.591223,,,
Product_1753227554,Clothing,Vendor C,2025-07-22 18:39:14.603720,,,
Product_1753227559,Clothing,Vendor A,2025-07-22 18:39:19.614338,,,
Product_1753227564,Clothing,Vendor A,2025-07-22 18:39:24.619613,,,
Product_1753227569,Electronics,Vendor A,2025-07-22 18:39:29.630515,,,
Product_1753227574,Grocery,Vendor D,2025-07-22 18:39:34.636246,,,
Product_1753227579,Grocery,Vendor C,2025-07-22 18:39:39.641757,,,
Product_1753227585,Books,Vendor B,2025-07-22 18:39:45.077266,,,
Product_1753227590,Toys,Vendor E,2025-07-22 18:39:50.088630,,,
Product_1753227595,Grocery,Vendor C,2025-07-22 18:39:55.099207,,,
Product_1753227600,Electronics,Vendor E,2025-07-22 18:40:00.105182,,,
Product_1753227605,Electronics,Vendor E,2025-07-22 18:40:05.117685,,,
Product_1753227610,Toys,Vendor C,2025-07-22 18:40:10.127734,,,
Product_1753227615,Grocery,Vendor A,2025-07-22 18:40:15.133676,,,
Product_1753227620,Books,Vendor E,2025-07-22 18:40:20.144949,,,
Product_1753227625,Books,Vendor D,2025-07-22 18:40:25.216862,,,
Product_1753227630,Grocery,Vendor B,2025-07-22 18:40:30.225974,,,
Product_1753227635,Electronics,Vendor B,2025-07-22 18:40:35.237360,,,
Product_1753227640,Clothing,Vendor A,2025-07-22 18:40:40.242376,,,
Product_1753227645,Clothing,Vendor D,2025-07-22 18:40:45.251730,,,
Product_1753227650,Electronics,Vendor D,2025-07-22 18:40:50.261736,,,
Product_1753227655,Toys,Vendor B,2025-07-22 18:40:55.272115,,,
Product_1753227660,Toys,Vendor D,2025-07-22 18:41:00.282185,,,
Product_1753227665,Toys,Vendor E,2025-07-22 18:41:05.291688,,,
Product_1753227670,Toys,Vendor D,2025-07-22 18:41:10.302517,,,
Product_1753227675,Grocery,Vendor B,2025-07-22 18:41:15.311839,,,
Product_1753227680,Clothing,Vendor A,2025-07-22 18:41:20.317047,,,
Product_1753227685,Clothing,Vendor B,2025-07-22 18:41:25.326675,,,
Product_1753227690,Electronics,Vendor E,2025-07-22 18:41:30.336741,,,
Product_1753227695,Books,Vendor E,2025-07-22 18:41:35.347688,,,
Product_1753227700,Electronics,Vendor A,2025-07-22 18:41:40.359401,,,
Product_1753227705,Toys,Vendor E,2025-07-22 18:41:45.368376,,,
Product_1753227710,Toys,Vendor A,2025-07-22 18:41:50.379546,,,
Product_1753227715,Clothing,Vendor C,2025-07-22 18:41:55.389089,,,
Product_1753227720,Books,Vendor D,2025-07-22 18:42:00.399102,,,
Product_1753227725,Electronics,Vendor E,2025-07-22 18:42:05.405257,,,
Product_1753227730,Clothing,Vendor E,2025-07-22 18:42:10.414698,,,
Product_1753227735,Clothing,Vendor C,2025-07-22 18:42:15.423830,,,
Product_1753227740,Books,Vendor E,2025-07-22 18:42:20.429781,,,
Product_1753227745,Books,Vendor E,2025-07-22 18:42:25.440160,,,
Product_1753227750,Clothing,Vendor A,2025-07-22 18:42:30.450712,,,
Product_1753227755,Toys,Vendor D,2025-07-22 18:42:35.457226,,,
Product_1753227760,Books,Vendor E,2025-07-22 18:42:40.466790,,,
Product_1753227765,Books,Vendor E,2025-07-22 18:42:45.476491,,,
Product_1753227770,Books,Vendor B,2025-07-22 18:42:50.480901,,,
Product_1753227775,Clothing,Vendor A,2025-07-22 18:42:55.493522,,,
Product_1753227780,Electronics,Vendor E,2025-07-22 18:43:00.503244,,,
Product_1753227785,Books,Vendor A,2025-07-22 18:43:05.509819,,,
Product_1753227790,Toys,Vendor C,2025-07-22 18:43:10.521857,,,
Product_1753227795,Toys,Vendor A,2025-07-22 18:43:15.527198,,,
Product_1753227800,Toys,Vendor D,2025-07-22 18:43:20.532166,,,
Product_1753227805,Clothing,Vendor C,2025-07-22 18:43:25.545420,,,
Product_1753227810,Electronics,Vendor D,2025-07-22 18:43:30.557412,,,
Product_1753227815,Books,Vendor D,2025-07-22 18:43:35.563263,,,
Product_1753227820,Toys,Vendor E,2025-07-22 18:43:40.575342,,,
Product_1753227825,Grocery,Vendor A,2025-07-22 18:43:45.585798,,,
Product_1753227830,Grocery,Vendor A,2025-07-22 18:43:50.594398,,,
Product_1753227835,Toys,Vendor A,2025-07-22 18:43:55.605589,,,
Product_1753227840,Clothing,Vendor D,2025-07-22 18:44:00.617122,,,
Product_1753227845,Books,Vendor D,2025-07-22 18:44:05.626866,,,
Product_1753227850,Toys,Vendor D,2025-07-22 18:44:10.638651,,,
Product_1753227855,Clothing,Vendor E,2025-07-22 18:44:15.644781,,,
Product_1753227860,Clothing,Vendor B,2025-07-22 18:44:20.653635,,,
Product_1753227865,Grocery,Vendor A,2025-07-22 18:44:25.664370,,,
Product_1753227870,Books,Vendor A,2025-07-22 18:44:30.676917,,,
Product_1753227875,Clothing,Vendor C,2025-07-22 18:44:35.689376,,,
Product_1753227880,Toys,Vendor B,2025-07-22 18:44:40.696268,,,
Product_1753227885,Electronics,Vendor A,2025-07-22 18:44:45.705320,,,
Product_1753227890,Toys,Vendor A,2025-07-22 18:44:50.716699,,,
Product_1753227895,Grocery,Vendor E,2025-07-22 18:44:55.721840,,,
Product_1753227900,Books,Vendor D,2025-07-22 18:45:00.730494,,,
Product_1753227905,Clothing,Vendor D,2025-07-22 18:45:05.735987,,,
Product_1753227910,Electronics,Vendor C,2025-07-22 18:45:10.747544,,,
Product_1753227915,Toys,Vendor B,2025-07-22 18:45:15.759562,,,
Product_1753227920,Electronics,Vendor D,2025-07-22 18:45:20.769946,,,
Product_1753227925,Clothing,Vendor E,2025-07-22 18:45:25.779717,,,
Product_1753227930,Clothing,Vendor D,2025-07-22 18:45:30.789396,,,
Product_1753227936,Electronics,Vendor D,2025-07-22 18:45:36.738347,,,
Product_1753227941,Grocery,Vendor A,2025-07-22 18:45:41.749025,,,
Product_1753227946,Electronics,Vendor C,2025-07-22 18:45:46.758920,,,
Product_1753227951,Grocery,Vendor B,2025-07-22 18:45:51.765104,,,
Product_1753227956,Grocery,Vendor D,2025-07-22 18:45:56.774715,,,
Product_1753227961,Clothing,Vendor D,2025-07-22 18:46:01.784062,,,
Product_1753227966,Toys,Vendor C,2025-07-22 18:46:06.790304,,,
Product_1753227971,Grocery,Vendor C,2025-07-22 18:46:11.799553,,,
Product_1753227976,Grocery,Vendor C,2025-07-22 18:46:16.809209,,,
Product_1753227981,Electronics,Vendor D,2025-07-22 18:46:21.815387,,,
Product_1753227986,Toys,Vendor E,2025-07-22 18:46:26.825843,,,
Product_1753227991,Grocery,Vendor A,2025-07-22 18:46:31.835632,,,
Product_1753227996,Clothing,Vendor D,2025-07-22 18:46:36.840414,,,
Product_1753228001,Electronics,Vendor A,2025-07-22 18:46:41.850389,,,
Product_1753228006,Books,Vendor B,2025-07-22 18:46:46.860697,,,
Product_1753228011,Clothing,Vendor D,2025-07-22 18:46:51.870404,,,
Product_1753228016,Clothing,Vendor B,2025-07-22 18:46:56.880759,,,
Product_1753228021,Grocery,Vendor C,2025-07-22 18:47:01.905143,,,
Product_1753228026,Books,Vendor D,2025-07-22 18:47:06.914320,,,
Product_1753228031,Grocery,Vendor C,2025-07-22 18:47:11.922598,,,
Product_1753228036,Toys,Vendor A,2025-07-22 18:47:16.928604,,,
Product_1753228041,Books,Vendor A,2025-07-22 18:47:21.936442,,,
Product_1753228046,Grocery,Vendor A,2025-07-22 18:47:26.943485,,,
Product_1753228052,Toys,Vendor D,2025-07-22 18:47:32.444703,,,
Product_1753228057,Clothing,Vendor E,2025-07-22 18:47:37.453926,,,
Product_1753228062,Books,Vendor B,2025-07-22 18:47:42.459625,,,
Product_1753228067,Clothing,Vendor D,2025-07-22 18:47:47.470553,,,
Product_1753228072,Toys,Vendor C,2025-07-22 18:47:52.482928,,,
Product_1753228077,Books,Vendor E,2025-07-22 18:47:57.492586,,,
Product_1753228082,Books,Vendor E,2025-07-22 18:48:02.499256,,,
Product_1753228087,Books,Vendor D,2025-07-22 18:48:07.504985,,,
Product_1753228092,Grocery,Vendor D,2025-07-22 18:48:12.516766,,,
Product_1753228097,Toys,Vendor D,2025-07-22 18:48:17.528704,,,
Product_1753228102,Grocery,Vendor D,2025-07-22 18:48:22.533215,,,
Product_1753228107,Books,Vendor A,2025-07-22 18:48:27.545041,,,
Product_1753228112,Grocery,Vendor D,2025-07-22 18:48:32.550687,,,
Product_1753228117,Grocery,Vendor A,2025-07-22 18:48:37.562032,,,
Product_1753228122,Toys,Vendor B,2025-07-22 18:48:42.572846,,,
Product_1753228127,Grocery,Vendor E,2025-07-22 18:48:47.578064,,,
Product_1753228132,Clothing,Vendor D,2025-07-22 18:48:52.589301,,,
Product_1753228137,Electronics,Vendor C,2025-07-22 18:48:57.601619,,,
Product_1753228142,Toys,Vendor B,2025-07-22 18:49:02.607314,,,
Product_1753228147,Clothing,Vendor C,2025-07-22 18:49:07.613999,,,
Product_1753228152,Toys,Vendor D,2025-07-22 18:49:12.625610,,,
Product_1753228157,Clothing,Vendor A,2025-07-22 18:49:17.635604,,,
Product_1753228162,Toys,Vendor C,2025-07-22 18:49:22.647131,,,
Product_1753228167,Grocery,Vendor B,2025-07-22 18:49:27.656121,,,
Product_1753228172,Electronics,Vendor D,2025-07-22 18:49:32.661379,,,
Product_1753228177,Electronics,Vendor B,2025-07-22 18:49:37.671030,,,
Product_1753228182,Grocery,Vendor D,2025-07-22 18:49:42.680663,,,
Product_1753228187,Books,Vendor A,2025-07-22 18:49:47.686786,,,
Product_1753228192,Grocery,Vendor E,2025-07-22 18:49:52.696583,,,
Product_1753228197,Grocery,Vendor A,2025-07-22 18:49:57.705687,,,
Product_1753228202,Clothing,Vendor C,2025-07-22 18:50:02.710431,,,
Product_1753228207,Books,Vendor D,2025-07-22 18:50:07.719683,,,
Product_1753228212,Grocery,Vendor D,2025-07-22 18:50:12.729863,,,
Product_1753228217,Toys,Vendor A,2025-07-22 18:50:17.739148,,,
Product_1753228222,Toys,Vendor E,2025-07-22 18:50:22.748114,,,
Product_1753228227,Grocery,Vendor C,2025-07-22 18:50:27.758424,,,
Product_1753228232,Books,Vendor D,2025-07-22 18:50:32.763637,,,
Product_1753228237,Electronics,Vendor D,2025-07-22 18:50:37.774208,,,
Product_1753228242,Clothing,Vendor B,2025-07-22 18:50:42.784594,,,
Product_1753228247,Clothing,Vendor E,2025-07-22 18:50:47.794650,,,
Product_1753228252,Electronics,Vendor D,2025-07-22 18:50:52.826405,,,
Product_1753228257,Clothing,Vendor B,2025-07-22 18:50:57.838244,,,
Product_1753228262,Toys,Vendor C,2025-07-22 18:51:02.843689,,,
Product_1753228267,Books,Vendor E,2025-07-22 18:51:07.853017,,,
Product_1753228272,Clothing,Vendor A,2025-07-22 18:51:12.859429,,,
Product_1753228277,Books,Vendor E,2025-07-22 18:51:17.869659,,,
Product_1753228282,Toys,Vendor A,2025-07-22 18:51:22.880853,,,
Product_1753228287,Grocery,Vendor E,2025-07-22 18:51:27.890000,,,
Product_1753228292,Electronics,Vendor E,2025-07-22 18:51:32.895602,,,
Product_1753228297,Books,Vendor E,2025-07-22 18:51:37.904479,,,
Product_1753228302,Electronics,Vendor B,2025-07-22 18:51:42.913416,,,
Product_1753228307,Electronics,Vendor A,2025-07-22 18:51:47.929236,,,
Product_1753228312,Toys,Vendor A,2025-07-22 18:51:52.934381,,,
Product_1753228317,Grocery,Vendor E,2025-07-22 18:51:57.945178,,,
Product_1753228323,Toys,Vendor B,2025-07-22 18:52:03.309972,,,
Product_1753228328,Books,Vendor E,2025-07-22 18:52:08.318369,,,
Product_1753228333,Electronics,Vendor E,2025-07-22 18:52:13.328732,,,
Product_1753228338,Books,Vendor E,2025-07-22 18:52:18.339436,,,
Product_1753228343,Clothing,Vendor C,2025-07-22 18:52:23.345056,,,
Product_1753228348,Grocery,Vendor A,2025-07-22 18:52:28.358232,,,
Product_1753228353,Electronics,Vendor A,2025-07-22 18:52:33.369445,,,
Product_1753228358,Books,Vendor C,2025-07-22 18:52:38.381685,,,
Product_1753228363,Books,Vendor B,2025-07-22 18:52:43.386237,,,
Product_1753228368,Electronics,Vendor C,2025-07-22 18:52:48.395052,,,
Product_1753228373,Grocery,Vendor D,2025-07-22 18:52:53.407175,,,
Product_1753228378,Clothing,Vendor C,2025-07-22 18:52:58.412138,,,
Product_1753228383,Electronics,Vendor D,2025-07-22 18:53:03.422703,,,
Product_1753228388,Toys,Vendor E,2025-07-22 18:53:08.432350,,,
Product_1753228393,Electronics,Vendor C,2025-07-22 18:53:13.438435,,,
Product_1753228398,Grocery,Vendor E,2025-07-22 18:53:18.448449,,,
Product_1753228403,Toys,Vendor D,2025-07-22 18:53:23.457676,,,
Product_1753228408,Toys,Vendor D,2025-07-22 18:53:28.462431,,,
Product_1753228413,Clothing,Vendor D,2025-07-22 18:53:33.472200,,,
Product_1753228418,Electronics,Vendor C,2025-07-22 18:53:38.482030,,,
Product_1753228423,Electronics,Vendor E,2025-07-22 18:53:43.487053,,,
Product_1753228428,Clothing,Vendor C,2025-07-22 18:53:48.497376,,,
Product_1753228433,Toys,Vendor E,2025-07-22 18:53:53.507112,,,
Product_1753228438,Grocery,Vendor C,2025-07-22 18:53:58.514226,,,
Product_1753228443,Toys,Vendor E,2025-07-22 18:54:03.523789,,,
Product_1753228448,Books,Vendor B,2025-07-22 18:54:08.532612,,,
Product_1753228453,Grocery,Vendor D,2025-07-22 18:54:13.537973,,,
Product_1753228458,Electronics,Vendor B,2025-07-22 18:54:18.550010,,,
Product_1753228463,Clothing,Vendor A,2025-07-22 18:54:23.560198,,,
Product_1753228468,Grocery,Vendor C,2025-07-22 18:54:28.571352,,,
Product_1753228473,Toys,Vendor D,2025-07-22 18:54:33.576484,,,
Product_1753228478,Toys,Vendor D,2025-07-22 18:54:38.586532,,,
Product_1753228483,Grocery,Vendor A,2025-07-22 18:54:43.596114,,,
Product_1753228488,Clothing,Vendor E,2025-07-22 18:54:48.607916,,,
Product_1753228493,Books,Vendor D,2025-07-22 18:54:53.612999,,,
Product_1753228498,Electronics,Vendor A,2025-07-22 18:54:58.623190,,,
Product_1753228503,Electronics,Vendor C,2025-07-22 18:55:03.635446,,,
Product_1753228508,Books,Vendor E,2025-07-22 18:55:08.644917,,,
Product_1753228513,Grocery,Vendor A,2025-07-22 18:55:13.653502,,,
Product_1753228518,Books,Vendor C,2025-07-22 18:55:18.665098,,,
Product_1753228523,Grocery,Vendor A,2025-07-22 18:55:23.675069,,,
Product_1753228528,Toys,Vendor B,2025-07-22 18:55:28.685515,,,
Product_1753228533,Books,Vendor C,2025-07-22 18:55:33.697211,,,
Product_1753228538,Grocery,Vendor E,2025-07-22 18:55:38.706877,,,
Product_1753228543,Toys,Vendor A,2025-07-22 18:55:43.711611,,,
Product_1753228548,Grocery,Vendor A,2025-07-22 18:55:48.722192,,,
Product_1753228553,Clothing,Vendor D,2025-07-22 18:55:53.815270,,,
Product_1753228558,Clothing,Vendor A,2025-07-22 18:55:58.824100,,,
Product_1753228563,Books,Vendor C,2025-07-22 18:56:03.829661,,,
Product_1753228568,Electronics,Vendor A,2025-07-22 18:56:08.842018,,,
Product_1753228573,Clothing,Vendor A,2025-07-22 18:56:13.852506,,,
Product_1753228578,Grocery,Vendor E,2025-07-22 18:56:18.858395,,,
Product_1753228583,Grocery,Vendor B,2025-07-22 18:56:23.870192,,,
Product_1753228588,Electronics,Vendor B,2025-07-22 18:56:28.880898,,,
Product_1753228593,Books,Vendor B,2025-07-22 18:56:33.886727,,,
Product_1753228598,Grocery,Vendor A,2025-07-22 18:56:38.899480,,,
Product_1753228603,Grocery,Vendor D,2025-07-22 18:56:43.909753,,,
Product_1753228608,Electronics,Vendor B,2025-07-22 18:56:48.914878,,,
Product_1753228613,Grocery,Vendor E,2025-07-22 18:56:53.926328,,,
Product_1753228618,Electronics,Vendor E,2025-07-22 18:56:58.936065,,,
Product_1753228623,Electronics,Vendor E,2025-07-22 18:57:03.941125,,,
Product_1753228629,Electronics,Vendor B,2025-07-22 18:57:09.039969,,,
Product_1753228634,Grocery,Vendor D,2025-07-22 18:57:14.044749,,,
Product_1753228639,Books,Vendor C,2025-07-22 18:57:19.054462,,,
Product_1753228644,Clothing,Vendor B,2025-07-22 18:57:24.065888,,,
Product_1753228649,Electronics,Vendor D,2025-07-22 18:57:29.076901,,,
Product_1753228654,Electronics,Vendor C,2025-07-22 18:57:34.092557,,,
Product_1753228659,Grocery,Vendor B,2025-07-22 18:57:39.102655,,,
Product_1753228664,Clothing,Vendor A,2025-07-22 18:57:44.112436,,,
Product_1753228669,Books,Vendor D,2025-07-22 18:57:49.126794,,,
Product_1753228674,Toys,Vendor C,2025-07-22 18:57:54.137965,,,
Product_1753228679,Electronics,Vendor C,2025-07-22 18:57:59.147787,,,
Product_1753228684,Books,Vendor D,2025-07-22 18:58:04.157754,,,
Product_1753228689,Toys,Vendor A,2025-07-22 18:58:09.163262,,,
Product_1753228694,Grocery,Vendor B,2025-07-22 18:58:14.174495,,,
Product_1753228699,Clothing,Vendor D,2025-07-22 18:58:19.184683,,,
Product_1753228704,Toys,Vendor E,2025-07-22 18:58:24.190165,,,
Product_1753228709,Electronics,Vendor A,2025-07-22 18:58:29.196139,,,
Product_1753228714,Books,Vendor E,2025-07-22 18:58:34.205498,,,
Product_1753228719,Clothing,Vendor A,2025-07-22 18:58:39.211185,,,
Product_1753228724,Books,Vendor C,2025-07-22 18:58:44.216708,,,
Product_1753228729,Books,Vendor A,2025-07-22 18:58:49.226395,,,
Product_1753228734,Books,Vendor E,2025-07-22 18:58:54.231028,,,
Product_1753228739,Toys,Vendor E,2025-07-22 18:58:59.239437,,,
Product_1753228744,Books,Vendor D,2025-07-22 18:59:04.249617,,,
Product_1753228749,Electronics,Vendor C,2025-07-22 18:59:09.255941,,,
Product_1753228754,Grocery,Vendor C,2025-07-22 18:59:14.261206,,,
Product_1753228759,Books,Vendor B,2025-07-22 18:59:19.271501,,,
Product_1753228764,Clothing,Vendor C,2025-07-22 18:59:24.276967,,,
Product_1753228769,Electronics,Vendor A,2025-07-22 18:59:29.288229,,,
Product_1753228774,Clothing,Vendor C,2025-07-22 18:59:34.293108,,,
Product_1753228779,Books,Vendor C,2025-07-22 18:59:39.299994,,,
Product_1753228784,Books,Vendor E,2025-07-22 18:59:44.311341,,,
Product_1753228789,Grocery,Vendor D,2025-07-22 18:59:49.322747,,,
Product_1753228794,Grocery,Vendor D,2025-07-22 18:59:54.332627,,,
Product_1753228799,Toys,Vendor A,2025-07-22 18:59:59.338081,,,
Product_1753228804,Clothing,Vendor E,2025-07-22 19:00:04.351142,,,
Product_1753228809,Clothing,Vendor B,2025-07-22 19:00:09.361114,,,
Product_1753228814,Toys,Vendor B,2025-07-22 19:00:14.372550,,,
Product_1753228819,Toys,Vendor E,2025-07-22 19:00:19.383149,,,
Product_1753228824,Electronics,Vendor D,2025-07-22 19:00:24.392541,,,
Product_1753228829,Books,Vendor C,2025-07-22 19:00:29.402863,,,
Product_1753228834,Electronics,Vendor E,2025-07-22 19:00:34.413616,,,
Product_1753228839,Grocery,Vendor A,2025-07-22 19:00:39.423385,,,
Product_1753228844,Books,Vendor A,2025-07-22 19:00:44.434859,,,
Product_1753228849,Electronics,Vendor B,2025-07-22 19:00:49.445791,,,
Product_1753228854,Grocery,Vendor E,2025-07-22 19:00:54.451255,,,
Product_1753228859,Clothing,Vendor B,2025-07-22 19:00:59.462942,,,
Product_1753228864,Electronics,Vendor A,2025-07-22 19:01:04.474136,,,
Product_1753228869,Books,Vendor D,2025-07-22 19:01:09.482856,,,
Product_1753228874,Electronics,Vendor D,2025-07-22 19:01:14.488582,,,
Product_1753228879,Electronics,Vendor D,2025-07-22 19:01:19.493956,,,
Product_1753228884,Clothing,Vendor D,2025-07-22 19:01:24.505358,,,
Product_1753228889,Toys,Vendor A,2025-07-22 19:01:29.516834,,,
Product_1753228894,Electronics,Vendor C,2025-07-22 19:01:34.528059,,,
Product_1753228899,Toys,Vendor B,2025-07-22 19:01:39.538640,,,
Product_1753228904,Books,Vendor B,2025-07-22 19:01:44.543252,,,
Product_1753228909,Electronics,Vendor C,2025-07-22 19:01:49.554180,,,
Product_1753228914,Clothing,Vendor E,2025-07-22 19:01:54.566097,,,
Product_1753228919,Grocery,Vendor A,2025-07-22 19:01:59.571396,,,
Product_1753228924,Toys,Vendor C,2025-07-22 19:02:04.582966,,,
Product_1753228929,Books,Vendor E,2025-07-22 19:02:09.589147,,,
Product_1753228934,Clothing,Vendor B,2025-07-22 19:02:14.595359,,,
Product_1753228939,Grocery,Vendor A,2025-07-22 19:02:19.606835,,,
Product_1753228944,Grocery,Vendor E,2025-07-22 19:02:24.615776,,,
Product_1753228949,Grocery,Vendor D,2025-07-22 19:02:29.621899,,,
Product_1753228954,Clothing,Vendor A,2025-07-22 19:02:34.631620,,,
Product_1753228959,Toys,Vendor D,2025-07-22 19:02:39.641681,,,
Product_1753228964,Electronics,Vendor D,2025-07-22 19:02:44.648659,,,
Product_1753228969,Books,Vendor E,2025-07-22 19:02:49.658554,,,
Product_1753228974,Clothing,Vendor C,2025-07-22 19:02:54.669465,,,
Product_1753228979,Electronics,Vendor A,2025-07-22 19:02:59.675419,,,
Product_1753228984,Grocery,Vendor A,2025-07-22 19:03:04.686288,,,
Product_1753228989,Grocery,Vendor A,2025-07-22 19:03:09.697044,,,
Product_1753228994,Grocery,Vendor A,2025-07-22 19:03:14.702009,,,
Product_1753228999,Clothing,Vendor A,2025-07-22 19:03:19.711570,,,
Product_1753229004,Clothing,Vendor A,2025-07-22 19:03:24.720285,,,
Product_1753229009,Books,Vendor D,2025-07-22 19:03:29.730655,,,
Product_1753229016,Electronics,Vendor A,2025-07-22 19:03:36.841037,,,
Product_1753229021,Grocery,Vendor C,2025-07-22 19:03:41.846459,,,
Product_1753229026,Toys,Vendor E,2025-07-22 19:03:46.855682,,,
Product_1753229031,Electronics,Vendor E,2025-07-22 19:03:51.865620,,,
Product_1753229036,Books,Vendor C,2025-07-22 19:03:56.870914,,,
Product_1753229041,Books,Vendor D,2025-07-22 19:04:01.879209,,,
Product_1753229046,Clothing,Vendor E,2025-07-22 19:04:06.889738,,,
Product_1753229051,Grocery,Vendor C,2025-07-22 19:04:11.895943,,,
Product_1753229056,Clothing,Vendor D,2025-07-22 19:04:16.912934,,,
Product_1753229061,Books,Vendor B,2025-07-22 19:04:21.918093,,,
Product_1753229066,Clothing,Vendor E,2025-07-22 19:04:26.924069,,,
Product_1753229071,Electronics,Vendor C,2025-07-22 19:04:31.934171,,,
Product_1753229076,Books,Vendor D,2025-07-22 19:04:36.943151,,,
Product_1753229081,Grocery,Vendor C,2025-07-22 19:04:41.952541,,,
Product_1753229086,Clothing,Vendor E,2025-07-22 19:04:46.962682,,,
Product_1753229091,Electronics,Vendor D,2025-07-22 19:04:51.971379,,,
Product_1753229096,Clothing,Vendor D,2025-07-22 19:04:56.979342,,,
Product_1753229101,Toys,Vendor C,2025-07-22 19:05:01.985399,,,
Product_1753229106,Books,Vendor E,2025-07-22 19:05:06.990372,,,
Product_1753229111,Grocery,Vendor D,2025-07-22 19:05:11.995093,,,
Product_1753229117,Toys,Vendor A,2025-07-22 19:05:17.028913,,,
Product_1753229122,Books,Vendor B,2025-07-22 19:05:22.036895,,,
Product_1753229127,Books,Vendor C,2025-07-22 19:05:27.045059,,,
Product_1753229132,Grocery,Vendor C,2025-07-22 19:05:32.053378,,,
Product_1753229137,Clothing,Vendor C,2025-07-22 19:05:37.059055,,,
Product_1753229142,Toys,Vendor B,2025-07-22 19:05:42.064926,,,
Product_1753229147,Books,Vendor A,2025-07-22 19:05:47.070123,,,
Product_1753229152,Grocery,Vendor A,2025-07-22 19:05:52.076900,,,
Product_1753229157,Electronics,Vendor D,2025-07-22 19:05:57.081779,,,
Product_1753229162,Books,Vendor D,2025-07-22 19:06:02.088093,,,
Product_1753229167,Electronics,Vendor D,2025-07-22 19:06:07.094021,,,
Product_1753229172,Clothing,Vendor D,2025-07-22 19:06:12.103165,,,
Product_1753229177,Books,Vendor A,2025-07-22 19:06:17.108105,,,
Product_1753229182,Toys,Vendor E,2025-07-22 19:06:22.118184,,,
Product_1753229187,Clothing,Vendor D,2025-07-22 19:06:27.128261,,,
Product_1753229192,Books,Vendor B,2025-07-22 19:06:32.138715,,,
Product_1753229197,Toys,Vendor A,2025-07-22 19:06:37.150596,,,
Product_1753229202,Toys,Vendor B,2025-07-22 19:06:42.216553,,,
Product_1753229207,Electronics,Vendor B,2025-07-22 19:06:47.223284,,,
Product_1753229212,Grocery,Vendor E,2025-07-22 19:06:52.229337,,,
Product_1753229217,Grocery,Vendor D,2025-07-22 19:06:57.236902,,,
Product_1753229222,Electronics,Vendor E,2025-07-22 19:07:02.243216,,,
Product_1753229227,Books,Vendor D,2025-07-22 19:07:07.248657,,,
Product_1753229232,Clothing,Vendor C,2025-07-22 19:07:12.259679,,,
Product_1753229237,Books,Vendor A,2025-07-22 19:07:17.273918,,,
Product_1753229242,Toys,Vendor E,2025-07-22 19:07:22.287650,,,
Product_1753229247,Books,Vendor D,2025-07-22 19:07:27.297561,,,
Product_1753229252,Toys,Vendor C,2025-07-22 19:07:32.305723,,,
Product_1753229257,Electronics,Vendor C,2025-07-22 19:07:37.317071,,,
Product_1753229262,Clothing,Vendor E,2025-07-22 19:07:42.323013,,,
Product_1753229267,Electronics,Vendor B,2025-07-22 19:07:47.331812,,,
Product_1753229272,Books,Vendor D,2025-07-22 19:07:52.343296,,,
Product_1753229277,Electronics,Vendor D,2025-07-22 19:07:57.353080,,,
Product_1753229282,Toys,Vendor A,2025-07-22 19:08:02.362171,,,
Product_1753229287,Grocery,Vendor E,2025-07-22 19:08:07.384554,,,
Product_1753229292,Toys,Vendor D,2025-07-22 19:08:12.394562,,,
Product_1753229297,Grocery,Vendor C,2025-07-22 19:08:17.405373,,,
Product_1753229302,Toys,Vendor D,2025-07-22 19:08:22.417237,,,
Product_1753229307,Electronics,Vendor C,2025-07-22 19:08:27.423584,,,
Product_1753229312,Books,Vendor E,2025-07-22 19:08:32.428497,,,
Product_1753229317,Books,Vendor B,2025-07-22 19:08:37.433521,,,
Product_1753229322,Toys,Vendor C,2025-07-22 19:08:42.443646,,,
Product_1753229327,Books,Vendor A,2025-07-22 19:08:47.453311,,,
Product_1753229333,Electronics,Vendor A,2025-07-22 19:08:53.419915,,,
Product_1753229338,Books,Vendor D,2025-07-22 19:08:58.431259,,,
Product_1753229343,Toys,Vendor A,2025-07-22 19:09:03.435698,,,
Product_1753229348,Books,Vendor B,2025-07-22 19:09:08.440756,,,
Product_1753229353,Books,Vendor E,2025-07-22 19:09:13.450213,,,
Product_1753229358,Electronics,Vendor C,2025-07-22 19:09:18.455588,,,
Product_1753229363,Toys,Vendor D,2025-07-22 19:09:23.462167,,,
Product_1753229368,Grocery,Vendor A,2025-07-22 19:09:28.471984,,,
Product_1753229373,Toys,Vendor D,2025-07-22 19:09:33.477578,,,
Product_1753229378,Clothing,Vendor D,2025-07-22 19:09:38.482055,,,
Product_1753229383,Clothing,Vendor E,2025-07-22 19:09:43.491639,,,
Product_1753229388,Electronics,Vendor B,2025-07-22 19:09:48.496683,,,
Product_1753229393,Electronics,Vendor A,2025-07-22 19:09:53.503142,,,
Product_1753229398,Toys,Vendor A,2025-07-22 19:09:58.512335,,,
Product_1753229403,Books,Vendor E,2025-07-22 19:10:03.519016,,,
Product_1753229408,Clothing,Vendor B,2025-07-22 19:10:08.526013,,,
Product_1753229413,Grocery,Vendor D,2025-07-22 19:10:13.531410,,,
Product_1753229418,Books,Vendor A,2025-07-22 19:10:18.535871,,,
Product_1753229423,Toys,Vendor D,2025-07-22 19:10:23.546217,,,
Product_1753229428,Clothing,Vendor D,2025-07-22 19:10:28.557839,,,
Product_1753229433,Grocery,Vendor C,2025-07-22 19:10:33.562506,,,
Product_1753229438,Electronics,Vendor A,2025-07-22 19:10:38.575564,,,
Product_1753229443,Books,Vendor A,2025-07-22 19:10:43.581579,,,
Product_1753229448,Toys,Vendor B,2025-07-22 19:10:48.588525,,,
Product_1753229453,Toys,Vendor B,2025-07-22 19:10:53.597118,,,
Product_1753229458,Grocery,Vendor B,2025-07-22 19:10:58.614035,,,
Product_1753229463,Toys,Vendor B,2025-07-22 19:11:03.624952,,,
Product_1753229468,Toys,Vendor E,2025-07-22 19:11:08.644796,,,
Product_1753229473,Grocery,Vendor B,2025-07-22 19:11:13.662719,,,
Product_1753229478,Grocery,Vendor E,2025-07-22 19:11:18.673035,,,
Product_1753229483,Books,Vendor B,2025-07-22 19:11:23.685791,,,
Product_1753229488,Grocery,Vendor D,2025-07-22 19:11:28.690577,,,
Product_1753229493,Toys,Vendor D,2025-07-22 19:11:33.705870,,,
Product_1753229498,Books,Vendor B,2025-07-22 19:11:38.714329,,,
Product_1753229503,Clothing,Vendor E,2025-07-22 19:11:43.720922,,,
Product_1753229508,Books,Vendor E,2025-07-22 19:11:48.731152,,,
Product_1753229513,Clothing,Vendor E,2025-07-22 19:11:53.738073,,,
Product_1753229518,Electronics,Vendor D,2025-07-22 19:11:58.746788,,,
Product_1753229523,Electronics,Vendor A,2025-07-22 19:12:03.755072,,,
Product_1753229528,Electronics,Vendor D,2025-07-22 19:12:08.768088,,,
Product_1753229533,Grocery,Vendor D,2025-07-22 19:12:13.779613,,,
Product_1753229538,Books,Vendor E,2025-07-22 19:12:18.877092,,,
Product_1753229543,Toys,Vendor C,2025-07-22 19:12:23.884249,,,
Product_1753229548,Electronics,Vendor E,2025-07-22 19:12:28.895181,,,
Product_1753229553,Books,Vendor D,2025-07-22 19:12:33.905471,,,
Product_1753229558,Grocery,Vendor C,2025-07-22 19:12:38.910422,,,
Product_1753229563,Electronics,Vendor D,2025-07-22 19:12:43.918215,,,
Product_1753229568,Toys,Vendor E,2025-07-22 19:12:48.929699,,,
Product_1753229573,Books,Vendor A,2025-07-22 19:12:53.935018,,,
Product_1753229578,Grocery,Vendor D,2025-07-22 19:12:58.946400,,,
Product_1753229583,Grocery,Vendor B,2025-07-22 19:13:03.956634,,,
Product_1753229588,Toys,Vendor C,2025-07-22 19:13:08.964143,,,
Product_1753229593,Books,Vendor E,2025-07-22 19:13:13.972694,,,
Product_1753229598,Electronics,Vendor D,2025-07-22 19:13:18.985186,,,
Product_1753229604,Clothing,Vendor A,2025-07-22 19:13:24.004943,,,
Product_1753229609,Electronics,Vendor B,2025-07-22 19:13:29.016669,,,
Product_1753229614,Grocery,Vendor A,2025-07-22 19:13:34.027454,,,
Product_1753229619,Grocery,Vendor A,2025-07-22 19:13:39.036456,,,
Product_1753229624,Books,Vendor E,2025-07-22 19:13:44.041678,,,
Product_1753229629,Grocery,Vendor D,2025-07-22 19:13:49.052076,,,
Product_1753229634,Clothing,Vendor C,2025-07-22 19:13:54.058333,,,
Product_1753229639,Books,Vendor E,2025-07-22 19:13:59.068543,,,
Product_1753229644,Toys,Vendor E,2025-07-22 19:14:04.073923,,,
Product_1753229649,Books,Vendor B,2025-07-22 19:14:09.083255,,,
Product_1753229654,Electronics,Vendor C,2025-07-22 19:14:14.092298,,,
Product_1753229659,Toys,Vendor E,2025-07-22 19:14:19.096801,,,
Product_1753229664,Books,Vendor B,2025-07-22 19:14:24.106352,,,
Product_1753229669,Books,Vendor D,2025-07-22 19:14:29.117579,,,
Product_1753229674,Toys,Vendor D,2025-07-22 19:14:34.127633,,,
Product_1753229679,Clothing,Vendor B,2025-07-22 19:14:39.133615,,,
Product_1753229684,Grocery,Vendor E,2025-07-22 19:14:44.144941,,,
Product_1753229689,Toys,Vendor D,2025-07-22 19:14:49.154931,,,
Product_1753229694,Clothing,Vendor B,2025-07-22 19:14:54.164534,,,
Product_1753229699,Toys,Vendor C,2025-07-22 19:14:59.297833,,,
Product_1753229704,Books,Vendor A,2025-07-22 19:15:04.308183,,,
Product_1753229709,Toys,Vendor D,2025-07-22 19:15:09.320384,,,
Product_1753229714,Electronics,Vendor A,2025-07-22 19:15:14.328420,,,
Product_1753229719,Clothing,Vendor B,2025-07-22 19:15:19.339088,,,
Product_1753229724,Books,Vendor B,2025-07-22 19:15:24.347508,,,
Product_1753229729,Grocery,Vendor A,2025-07-22 19:15:29.353145,,,
Product_1753229734,Clothing,Vendor C,2025-07-22 19:15:34.364866,,,
Product_1753229739,Clothing,Vendor D,2025-07-22 19:15:39.376355,,,
Product_1753229744,Electronics,Vendor C,2025-07-22 19:15:44.382434,,,
Product_1753229749,Grocery,Vendor A,2025-07-22 19:15:49.388401,,,
Product_1753229754,Books,Vendor E,2025-07-22 19:15:54.398216,,,
Product_1753229759,Toys,Vendor D,2025-07-22 19:15:59.402870,,,
Product_1753229764,Grocery,Vendor D,2025-07-22 19:16:04.408549,,,
Product_1753229769,Books,Vendor E,2025-07-22 19:16:09.419332,,,
Product_1753229774,Grocery,Vendor A,2025-07-22 19:16:14.428938,,,
Product_1753229779,Electronics,Vendor A,2025-07-22 19:16:19.439451,,,
Product_1753229784,Grocery,Vendor C,2025-07-22 19:16:24.449437,,,
Product_1753229789,Grocery,Vendor B,2025-07-22 19:16:29.459104,,,
Product_1753229794,Toys,Vendor E,2025-07-22 19:16:34.473545,,,
Product_1753229799,Clothing,Vendor E,2025-07-22 19:16:39.485086,,,
Product_1753229804,Grocery,Vendor C,2025-07-22 19:16:44.494406,,,
Product_1753229809,Grocery,Vendor B,2025-07-22 19:16:49.504193,,,
Product_1753229814,Clothing,Vendor A,2025-07-22 19:16:54.509962,,,
Product_1753229819,Books,Vendor D,2025-07-22 19:16:59.518950,,,
Product_1753229824,Books,Vendor B,2025-07-22 19:17:04.534176,,,
Product_1753229829,Clothing,Vendor D,2025-07-22 19:17:09.545054,,,
Product_1753229834,Toys,Vendor A,2025-07-22 19:17:14.554414,,,
Product_1753229839,Grocery,Vendor B,2025-07-22 19:17:19.564991,,,
Product_1753229844,Clothing,Vendor E,2025-07-22 19:17:24.574452,,,
Product_1753229849,Electronics,Vendor B,2025-07-22 19:17:29.580478,,,
Product_1753229854,Clothing,Vendor B,2025-07-22 19:17:34.591755,,,
Product_1753229859,Electronics,Vendor E,2025-07-22 19:17:39.601297,,,
Product_1753229864,Books,Vendor E,2025-07-22 19:17:44.612030,,,
Product_1753229869,Electronics,Vendor E,2025-07-22 19:17:49.623445,,,
Product_1753229874,Toys,Vendor C,2025-07-22 19:17:54.632976,,,
Product_1753229879,Electronics,Vendor B,2025-07-22 19:17:59.643303,,,
Product_1753229884,Clothing,Vendor A,2025-07-22 19:18:04.648921,,,
Product_1753229889,Clothing,Vendor B,2025-07-22 19:18:09.657619,,,
Product_1753229894,Books,Vendor A,2025-07-22 19:18:14.667333,,,
Product_1753229899,Electronics,Vendor E,2025-07-22 19:18:19.674595,,,
Product_1753229904,Grocery,Vendor E,2025-07-22 19:18:24.683655,,,
Product_1753229909,Clothing,Vendor A,2025-07-22 19:18:29.693415,,,
Product_1753229914,Electronics,Vendor E,2025-07-22 19:18:34.698916,,,
Product_1753229919,Electronics,Vendor D,2025-07-22 19:18:39.708209,,,
Product_1753229924,Clothing,Vendor A,2025-07-22 19:18:44.719087,,,
Product_1753229929,Toys,Vendor D,2025-07-22 19:18:49.725969,,,
Product_1753229934,Toys,Vendor E,2025-07-22 19:18:54.736332,,,
Product_1753229939,Grocery,Vendor A,2025-07-22 19:18:59.744967,,,
Product_1753229944,Electronics,Vendor B,2025-07-22 19:19:04.750350,,,
Product_1753229949,Grocery,Vendor B,2025-07-22 19:19:09.761647,,,
Product_1753229954,Grocery,Vendor B,2025-07-22 19:19:14.771278,,,
Product_1753229959,Books,Vendor A,2025-07-22 19:19:19.777119,,,
Product_1753229964,Grocery,Vendor D,2025-07-22 19:19:24.788924,,,
Product_1753229969,Clothing,Vendor C,2025-07-22 19:19:29.798853,,,
Product_1753229974,Electronics,Vendor D,2025-07-22 19:19:34.809753,,,
Product_1753229979,Books,Vendor B,2025-07-22 19:19:39.820612,,,
Product_1753229984,Electronics,Vendor B,2025-07-22 19:19:44.831986,,,
Product_1753229989,Electronics,Vendor B,2025-07-22 19:19:49.841346,,,
Product_1753229994,Books,Vendor D,2025-07-22 19:19:54.852735,,,
Product_1753229999,Clothing,Vendor D,2025-07-22 19:19:59.862981,,,
Product_1753230004,Books,Vendor B,2025-07-22 19:20:04.868313,,,
Product_1753230009,Toys,Vendor E,2025-07-22 19:20:09.877680,,,
Product_1753230014,Books,Vendor D,2025-07-22 19:20:14.887440,,,
Product_1753230019,Toys,Vendor D,2025-07-22 19:20:19.900396,,,
Product_1753230024,Clothing,Vendor E,2025-07-22 19:20:24.909960,,,
Product_1753230029,Clothing,Vendor B,2025-07-22 19:20:29.921669,,,
Product_1753230034,Toys,Vendor C,2025-07-22 19:20:34.931687,,,
Product_1753230039,Books,Vendor A,2025-07-22 19:20:39.937215,,,
Product_1753230044,Electronics,Vendor E,2025-07-22 19:20:44.993865,,,
Product_1753230049,Grocery,Vendor B,2025-07-22 19:20:49.998172,,,
Product_1753230055,Electronics,Vendor B,2025-07-22 19:20:55.003810,,,
Product_1753230060,Grocery,Vendor D,2025-07-22 19:21:00.013783,,,
Product_1753230065,Books,Vendor E,2025-07-22 19:21:05.024705,,,
Product_1753230070,Grocery,Vendor D,2025-07-22 19:21:10.030232,,,
Product_1753230075,Grocery,Vendor A,2025-07-22 19:21:15.036175,,,
Product_1753230080,Toys,Vendor D,2025-07-22 19:21:20.041031,,,
Product_1753230085,Clothing,Vendor D,2025-07-22 19:21:25.046215,,,
Product_1753309493,Clothing,Vendor C,2025-07-23 17:24:53.392216,,,
Product_1753309499,Grocery,Vendor E,2025-07-23 17:24:59.078644,,,
Product_1753309504,Grocery,Vendor A,2025-07-23 17:25:04.156786,,,
Product_1753309509,Books,Vendor A,2025-07-23 17:25:09.161181,,,
Product_1753309514,Clothing,Vendor C,2025-07-23 17:25:14.194114,,,
Product_1753309519,Books,Vendor B,2025-07-23 17:25:19.202610,,,
Product_1753309524,Electronics,Vendor A,2025-07-23 17:25:24.239627,,,
Product_1753309529,Books,Vendor A,2025-07-23 17:25:29.263079,,,
Product_1753309534,Grocery,Vendor B,2025-07-23 17:25:34.273399,,,
Product_1753309539,Grocery,Vendor E,2025-07-23 17:25:39.283589,,,
Product_1753309544,Toys,Vendor E,2025-07-23 17:25:44.299873,,,
Product_1753309549,Grocery,Vendor A,2025-07-23 17:25:49.310574,,,
Product_1753309554,Electronics,Vendor A,2025-07-23 17:25:54.315757,,,
Product_1753309559,Electronics,Vendor A,2025-07-23 17:25:59.326652,,,
Product_1753309564,Books,Vendor D,2025-07-23 17:26:04.338695,,,
Product_1753309569,Toys,Vendor D,2025-07-23 17:26:09.344343,,,
Product_1753309574,Grocery,Vendor A,2025-07-23 17:26:14.353902,,,
Product_1753309579,Electronics,Vendor B,2025-07-23 17:26:19.364557,,,
Product_1753309584,Grocery,Vendor E,2025-07-23 17:26:24.374374,,,
Product_1753309589,Electronics,Vendor C,2025-07-23 17:26:29.384586,,,
Product_1753309594,Grocery,Vendor A,2025-07-23 17:26:34.396135,,,
Product_1753309599,Toys,Vendor C,2025-07-23 17:26:39.407558,,,
Product_1753309604,Electronics,Vendor B,2025-07-23 17:26:44.413227,,,
Product_1753309609,Grocery,Vendor A,2025-07-23 17:26:49.419355,,,
Product_1753309614,Clothing,Vendor C,2025-07-23 17:26:54.427220,,,
Product_1753309619,Grocery,Vendor B,2025-07-23 17:26:59.488249,,,
Product_1753309624,Grocery,Vendor C,2025-07-23 17:27:04.687436,,,
Product_1753309629,Books,Vendor B,2025-07-23 17:27:09.703776,,,
Product_1753309634,Grocery,Vendor E,2025-07-23 17:27:14.795276,,,
Product_1753309639,Clothing,Vendor A,2025-07-23 17:27:19.800602,,,
Product_1753309644,Books,Vendor B,2025-07-23 17:27:24.830580,,,
Product_1753309649,Toys,Vendor B,2025-07-23 17:27:29.837509,,,
Product_1753309654,Clothing,Vendor E,2025-07-23 17:27:34.881284,,,
Product_1753309659,Grocery,Vendor D,2025-07-23 17:27:39.887406,,,
Product_1753309665,Electronics,Vendor E,2025-07-23 17:27:45.192145,,,
Product_1753309670,Books,Vendor E,2025-07-23 17:27:50.215882,,,
Product_1753309675,Toys,Vendor B,2025-07-23 17:27:55.235787,,,
Product_1753309680,Grocery,Vendor B,2025-07-23 17:28:00.261531,,,
Product_1753309685,Clothing,Vendor D,2025-07-23 17:28:05.914020,,,
Product_1753309690,Books,Vendor D,2025-07-23 17:28:10.920145,,,
Product_1753309695,Grocery,Vendor E,2025-07-23 17:28:15.927417,,,
Product_1753309700,Toys,Vendor A,2025-07-23 17:28:20.941560,,,
Product_1753309705,Clothing,Vendor D,2025-07-23 17:28:25.966079,,,
Product_1753309710,Clothing,Vendor E,2025-07-23 17:28:30.972734,,,
Product_1753309715,Electronics,Vendor C,2025-07-23 17:28:35.980676,,,
Product_1753309720,Grocery,Vendor B,2025-07-23 17:28:40.997744,,,
Product_1753309726,Grocery,Vendor D,2025-07-23 17:28:46.880963,,,
Product_1753309731,Grocery,Vendor E,2025-07-23 17:28:51.905285,,,
Product_1753309736,Electronics,Vendor C,2025-07-23 17:28:56.915975,,,
Product_1753309741,Toys,Vendor E,2025-07-23 17:29:01.921338,,,
Product_1753309746,Grocery,Vendor A,2025-07-23 17:29:06.952587,,,
Product_1753309751,Clothing,Vendor A,2025-07-23 17:29:11.961735,,,
Product_1753309756,Toys,Vendor B,2025-07-23 17:29:16.968226,,,
Product_1753309761,Grocery,Vendor B,2025-07-23 17:29:21.999484,,,
Product_1753309767,Books,Vendor D,2025-07-23 17:29:27.014961,,,
Product_1753309772,Grocery,Vendor A,2025-07-23 17:29:32.025442,,,
Product_1753309777,Electronics,Vendor A,2025-07-23 17:29:37.036782,,,
Product_1753309782,Electronics,Vendor A,2025-07-23 17:29:42.241964,,,
Product_1753309787,Electronics,Vendor A,2025-07-23 17:29:47.273555,,,
Product_1753309792,Books,Vendor A,2025-07-23 17:29:52.286013,,,
Product_1753309797,Grocery,Vendor B,2025-07-23 17:29:57.295174,,,
Product_1753309803,Books,Vendor B,2025-07-23 17:30:03.067263,,,
Product_1753309808,Toys,Vendor C,2025-07-23 17:30:08.143614,,,
Product_1753309813,Toys,Vendor E,2025-07-23 17:30:13.149190,,,
Product_1753309818,Toys,Vendor D,2025-07-23 17:30:18.174825,,,
Product_1753309823,Grocery,Vendor A,2025-07-23 17:30:23.200048,,,
Product_1753309828,Electronics,Vendor E,2025-07-23 17:30:28.207118,,,
Product_1753309833,Grocery,Vendor C,2025-07-23 17:30:33.213280,,,
Product_1753309838,Grocery,Vendor A,2025-07-23 17:30:38.222231,,,
Product_1753309843,Books,Vendor A,2025-07-23 17:30:43.243539,,,
Product_1753309848,Books,Vendor B,2025-07-23 17:30:48.269886,,,
Product_1753309853,Electronics,Vendor B,2025-07-23 17:30:53.297360,,,
Product_1753309858,Toys,Vendor E,2025-07-23 17:30:58.307559,,,
Product_1753309863,Books,Vendor C,2025-07-23 17:31:03.319934,,,
Product_1753309868,Clothing,Vendor A,2025-07-23 17:31:08.443595,,,
Product_1753309873,Grocery,Vendor B,2025-07-23 17:31:13.455768,,,
Product_1753309878,Toys,Vendor B,2025-07-23 17:31:18.475368,,,
Product_1753309883,Electronics,Vendor A,2025-07-23 17:31:23.486943,,,
Product_1753309888,Toys,Vendor D,2025-07-23 17:31:28.506936,,,
Product_1753309893,Clothing,Vendor C,2025-07-23 17:31:33.512984,,,
Product_1753309898,Electronics,Vendor B,2025-07-23 17:31:38.527704,,,
Product_1753309903,Grocery,Vendor A,2025-07-23 17:31:43.538697,,,
Product_1753309908,Clothing,Vendor B,2025-07-23 17:31:48.546137,,,
Product_1753309913,Grocery,Vendor D,2025-07-23 17:31:53.553146,,,
Product_1753309918,Books,Vendor D,2025-07-23 17:31:58.562889,,,
Product_1753309923,Grocery,Vendor E,2025-07-23 17:32:03.568714,,,
Product_1753309928,Clothing,Vendor B,2025-07-23 17:32:08.587994,,,
Product_1753309933,Books,Vendor B,2025-07-23 17:32:13.598519,,,
Product_1753309938,Toys,Vendor B,2025-07-23 17:32:18.608661,,,
Product_1753309943,Grocery,Vendor D,2025-07-23 17:32:23.619814,,,
Product_1753309948,Books,Vendor D,2025-07-23 17:32:28.627572,,,
Product_1753309953,Electronics,Vendor D,2025-07-23 17:32:33.726818,,,
Product_1753309958,Books,Vendor E,2025-07-23 17:32:38.739413,,,
Product_1753309963,Books,Vendor B,2025-07-23 17:32:43.774469,,,
Product_1753309968,Grocery,Vendor A,2025-07-23 17:32:48.782131,,,
Product_1753309973,Books,Vendor C,2025-07-23 17:32:53.793851,,,
Product_1753309978,Toys,Vendor E,2025-07-23 17:32:58.804851,,,
Product_1753309983,Electronics,Vendor D,2025-07-23 17:33:03.810865,,,
Product_1753309988,Toys,Vendor B,2025-07-23 17:33:08.816747,,,
Product_1753309993,Books,Vendor E,2025-07-23 17:33:13.827837,,,
Product_1753309998,Toys,Vendor A,2025-07-23 17:33:18.833452,,,
Product_1753310003,Clothing,Vendor D,2025-07-23 17:33:23.840184,,,
Product_1753310009,Electronics,Vendor D,2025-07-23 17:33:29.135488,,,
Product_1753310014,Toys,Vendor B,2025-07-23 17:33:34.257746,,,
Product_1753310019,Electronics,Vendor E,2025-07-23 17:33:39.268323,,,
Product_1753310024,Grocery,Vendor D,2025-07-23 17:33:44.280534,,,
Product_1753310029,Books,Vendor E,2025-07-23 17:33:49.288970,,,
Product_1753310034,Toys,Vendor E,2025-07-23 17:33:54.299482,,,
Product_1753310039,Electronics,Vendor D,2025-07-23 17:33:59.485421,,,
Product_1753310044,Clothing,Vendor B,2025-07-23 17:34:04.494976,,,
Product_1753310050,Electronics,Vendor E,2025-07-23 17:34:10.914086,,,
Product_1753310055,Grocery,Vendor E,2025-07-23 17:34:15.926422,,,
Product_1753310060,Grocery,Vendor B,2025-07-23 17:34:20.937197,,,
Product_1753310065,Toys,Vendor C,2025-07-23 17:34:25.948493,,,
Product_1753310070,Electronics,Vendor A,2025-07-23 17:34:30.957462,,,
Product_1753310075,Clothing,Vendor B,2025-07-23 17:34:35.972679,,,
Product_1753310080,Toys,Vendor B,2025-07-23 17:34:40.985492,,,
Product_1753310085,Grocery,Vendor A,2025-07-23 17:34:45.991134,,,
Product_1753310091,Clothing,Vendor B,2025-07-23 17:34:51.003143,,,
Product_1753310096,Grocery,Vendor A,2025-07-23 17:34:56.013576,,,
Product_1753310101,Books,Vendor D,2025-07-23 17:35:01.023672,,,
Product_1753310106,Grocery,Vendor B,2025-07-23 17:35:06.034451,,,
Product_1753310111,Grocery,Vendor E,2025-07-23 17:35:11.043325,,,
Product_1753310116,Clothing,Vendor E,2025-07-23 17:35:16.051921,,,
Product_1753310121,Electronics,Vendor A,2025-07-23 17:35:21.063644,,,
Product_1753310126,Electronics,Vendor E,2025-07-23 17:35:26.075921,,,
Product_1753310131,Books,Vendor D,2025-07-23 17:35:31.086102,,,
Product_1753310136,Grocery,Vendor E,2025-07-23 17:35:36.098658,,,
Product_1753310141,Electronics,Vendor E,2025-07-23 17:35:41.108128,,,
Product_1753310146,Books,Vendor D,2025-07-23 17:35:46.119712,,,
Product_1753310151,Clothing,Vendor E,2025-07-23 17:35:51.125836,,,
Product_1753310156,Toys,Vendor E,2025-07-23 17:35:56.134835,,,
Product_1753310161,Clothing,Vendor E,2025-07-23 17:36:01.146381,,,
Product_1753310166,Grocery,Vendor A,2025-07-23 17:36:06.153115,,,
Product_1753313494,Clothing,Vendor E,2025-07-23 18:31:34.706054,,,
Product_1753313500,Grocery,Vendor E,2025-07-23 18:31:40.284885,,,
Product_1753313505,Electronics,Vendor A,2025-07-23 18:31:45.498540,,,
Product_1753313510,Clothing,Vendor B,2025-07-23 18:31:50.504339,,,
Product_1753313515,Grocery,Vendor C,2025-07-23 18:31:55.513611,,,
Product_1753313520,Clothing,Vendor A,2025-07-23 18:32:00.759759,,,
Product_1753313525,Toys,Vendor A,2025-07-23 18:32:05.865799,,,
Product_1753313531,Books,Vendor C,2025-07-23 18:32:11.219272,,,
Product_1753313536,Grocery,Vendor E,2025-07-23 18:32:16.327154,,,
Product_1753313541,Grocery,Vendor A,2025-07-23 18:32:21.333244,,,
Product_1753313546,Grocery,Vendor A,2025-07-23 18:32:26.387347,,,
Product_1753313551,Books,Vendor C,2025-07-23 18:32:31.393296,,,
Product_1753313556,Books,Vendor D,2025-07-23 18:32:36.400813,,,
Product_1753313561,Grocery,Vendor B,2025-07-23 18:32:41.423198,,,
Product_1753313566,Books,Vendor B,2025-07-23 18:32:46.429591,,,
Product_1753313571,Clothing,Vendor B,2025-07-23 18:32:51.439637,,,
Product_1753313576,Clothing,Vendor E,2025-07-23 18:32:56.445923,,,
Product_1753313581,Books,Vendor C,2025-07-23 18:33:01.451678,,,
Product_1753313586,Electronics,Vendor E,2025-07-23 18:33:06.458701,,,
Product_1753313591,Electronics,Vendor B,2025-07-23 18:33:11.468447,,,
Product_1753313596,Toys,Vendor A,2025-07-23 18:33:16.474506,,,
Product_1753313601,Toys,Vendor E,2025-07-23 18:33:21.485985,,,
Product_1753313606,Clothing,Vendor B,2025-07-23 18:33:26.559050,,,
Product_1753313611,Clothing,Vendor D,2025-07-23 18:33:31.580731,,,
Product_1753313616,Grocery,Vendor B,2025-07-23 18:33:36.590689,,,
Product_1753313621,Grocery,Vendor C,2025-07-23 18:33:41.601820,,,
Product_1753313626,Electronics,Vendor D,2025-07-23 18:33:46.610791,,,
Product_1753313631,Toys,Vendor B,2025-07-23 18:33:51.620753,,,
Product_1753313636,Grocery,Vendor D,2025-07-23 18:33:56.625826,,,
Product_1753313641,Grocery,Vendor D,2025-07-23 18:34:01.631386,,,
Product_1753313647,Electronics,Vendor B,2025-07-23 18:34:07.284936,,,
Product_1753313652,Toys,Vendor E,2025-07-23 18:34:12.308122,,,
Product_1753313657,Electronics,Vendor E,2025-07-23 18:34:17.346134,,,
Product_1753313662,Electronics,Vendor B,2025-07-23 18:34:22.360101,,,
Product_1753313667,Grocery,Vendor A,2025-07-23 18:34:27.366612,,,
Product_1753313672,Toys,Vendor C,2025-07-23 18:34:32.396297,,,
Product_1753313677,Toys,Vendor B,2025-07-23 18:34:37.573725,,,
Product_1753313682,Grocery,Vendor A,2025-07-23 18:34:42.578584,,,
Product_1753313687,Clothing,Vendor E,2025-07-23 18:34:47.624453,,,
Product_1753313692,Clothing,Vendor E,2025-07-23 18:34:52.693242,,,
Product_1753313697,Electronics,Vendor C,2025-07-23 18:34:57.749652,,,
Product_1753313702,Clothing,Vendor C,2025-07-23 18:35:02.758612,,,
Product_1753313707,Books,Vendor A,2025-07-23 18:35:07.765609,,,
Product_1753313712,Grocery,Vendor A,2025-07-23 18:35:12.794551,,,
Product_1753313717,Clothing,Vendor B,2025-07-23 18:35:17.805027,,,
Product_1753313725,Clothing,Vendor B,2025-07-23 18:35:25.598589,,,
Product_1753313730,Electronics,Vendor E,2025-07-23 18:35:30.720098,,,
Product_1753313735,Toys,Vendor B,2025-07-23 18:35:35.726246,,,
Product_1753313740,Clothing,Vendor D,2025-07-23 18:35:40.773889,,,
Product_1753313745,Toys,Vendor B,2025-07-23 18:35:45.779823,,,
Product_1753313750,Clothing,Vendor E,2025-07-23 18:35:50.789249,,,
Product_1753313755,Toys,Vendor B,2025-07-23 18:35:55.932036,,,
Product_1753313761,Books,Vendor C,2025-07-23 18:36:01.130567,,,
Product_1753313766,Clothing,Vendor C,2025-07-23 18:36:06.169514,,,
Product_1753313771,Books,Vendor B,2025-07-23 18:36:11.203997,,,
Product_1753313776,Books,Vendor E,2025-07-23 18:36:16.250753,,,
Product_1753313781,Electronics,Vendor A,2025-07-23 18:36:21.283338,,,
Product_1753313786,Books,Vendor E,2025-07-23 18:36:26.324376,,,
Product_1753313791,Books,Vendor E,2025-07-23 18:36:31.334556,,,
Product_1753313796,Toys,Vendor A,2025-07-23 18:36:36.346482,,,
Product_1753313801,Toys,Vendor B,2025-07-23 18:36:41.353918,,,
Product_1753313807,Grocery,Vendor E,2025-07-23 18:36:47.008106,,,
Product_1753313812,Books,Vendor D,2025-07-23 18:36:52.021629,,,
Product_1753313817,Toys,Vendor D,2025-07-23 18:36:57.033322,,,
Product_1753313822,Electronics,Vendor D,2025-07-23 18:37:02.045755,,,
Product_1753313827,Clothing,Vendor E,2025-07-23 18:37:07.126639,,,
Product_1753313832,Clothing,Vendor E,2025-07-23 18:37:12.193931,,,
Product_1753313837,Books,Vendor A,2025-07-23 18:37:17.274939,,,
Product_1753313842,Books,Vendor A,2025-07-23 18:37:22.294684,,,
Product_1753313847,Clothing,Vendor C,2025-07-23 18:37:27.473669,,,
Product_1753313852,Electronics,Vendor C,2025-07-23 18:37:32.484961,,,
Product_1753313857,Toys,Vendor A,2025-07-23 18:37:37.496413,,,
Product_1753313862,Grocery,Vendor D,2025-07-23 18:37:42.536239,,,
Product_1753313867,Grocery,Vendor D,2025-07-23 18:37:47.570249,,,
Product_1753313872,Books,Vendor A,2025-07-23 18:37:52.576509,,,
Product_1753313877,Clothing,Vendor D,2025-07-23 18:37:57.585530,,,
Product_1753313882,Books,Vendor A,2025-07-23 18:38:02.594125,,,
Product_1753313887,Books,Vendor B,2025-07-23 18:38:07.605087,,,
Product_1753313892,Toys,Vendor D,2025-07-23 18:38:12.614781,,,
Product_1753313897,Books,Vendor E,2025-07-23 18:38:17.630036,,,
Product_1753313902,Books,Vendor E,2025-07-23 18:38:22.641385,,,
Product_1753313907,Grocery,Vendor C,2025-07-23 18:38:27.652301,,,
Product_1753313912,Electronics,Vendor C,2025-07-23 18:38:32.690990,,,
Product_1753313917,Clothing,Vendor D,2025-07-23 18:38:37.702795,,,
Product_1753313922,Books,Vendor E,2025-07-23 18:38:42.713495,,,
Product_1753313927,Clothing,Vendor D,2025-07-23 18:38:47.725908,,,
Product_1753313932,Clothing,Vendor D,2025-07-23 18:38:52.738472,,,
Product_1753313937,Toys,Vendor E,2025-07-23 18:38:57.750412,,,
Product_1753313942,Grocery,Vendor A,2025-07-23 18:39:02.761251,,,
Product_1753313947,Books,Vendor C,2025-07-23 18:39:07.775864,,,
Product_1753313952,Clothing,Vendor B,2025-07-23 18:39:12.783106,,,
Product_1753313957,Grocery,Vendor A,2025-07-23 18:39:17.794271,,,
Product_1753313962,Books,Vendor C,2025-07-23 18:39:22.816067,,,
Product_1753313967,Toys,Vendor A,2025-07-23 18:39:27.826668,,,
Product_1753313972,Books,Vendor A,2025-07-23 18:39:32.831471,,,
Product_1753313977,Books,Vendor D,2025-07-23 18:39:37.842789,,,
Product_1753313982,Books,Vendor A,2025-07-23 18:39:42.848585,,,
Product_1753313987,Clothing,Vendor B,2025-07-23 18:39:47.854535,,,
Product_1753313992,Electronics,Vendor E,2025-07-23 18:39:52.868566,,,
Product_1753313998,Books,Vendor B,2025-07-23 18:39:58.010778,,,
Product_1753314003,Grocery,Vendor E,2025-07-23 18:40:03.019147,,,
Product_1753314008,Electronics,Vendor D,2025-07-23 18:40:08.061805,,,
Product_1753314013,Grocery,Vendor C,2025-07-23 18:40:13.697207,,,
Product_1753314018,Clothing,Vendor A,2025-07-23 18:40:18.706490,,,
Product_1753314023,Grocery,Vendor A,2025-07-23 18:40:23.932199,,,
Product_1753314028,Electronics,Vendor D,2025-07-23 18:40:28.941647,,,
Product_1753314033,Toys,Vendor A,2025-07-23 18:40:33.954273,,,
Product_1753314038,Electronics,Vendor D,2025-07-23 18:40:38.964768,,,
Product_1753314043,Electronics,Vendor A,2025-07-23 18:40:43.976184,,,
Product_1753314048,Grocery,Vendor B,2025-07-23 18:40:48.986424,,,
Product_1753314053,Books,Vendor E,2025-07-23 18:40:53.998701,,,
Product_1753314059,Electronics,Vendor C,2025-07-23 18:40:59.008927,,,
Product_1753314064,Toys,Vendor E,2025-07-23 18:41:04.022786,,,
Product_1753314069,Electronics,Vendor C,2025-07-23 18:41:09.032485,,,
Product_1753314074,Electronics,Vendor D,2025-07-23 18:41:14.046893,,,
Product_1753314079,Books,Vendor A,2025-07-23 18:41:19.071220,,,
Product_1753314084,Clothing,Vendor A,2025-07-23 18:41:24.082124,,,
Product_1753314089,Clothing,Vendor A,2025-07-23 18:41:29.092722,,,
Product_1753314094,Grocery,Vendor B,2025-07-23 18:41:34.198441,,,
Product_1753314099,Electronics,Vendor A,2025-07-23 18:41:39.209705,,,
Product_1753314104,Electronics,Vendor C,2025-07-23 18:41:44.220198,,,
Product_1753314109,Books,Vendor E,2025-07-23 18:41:49.225711,,,
Product_1753314114,Books,Vendor E,2025-07-23 18:41:54.236214,,,
Product_1753314119,Grocery,Vendor B,2025-07-23 18:41:59.366011,,,
Product_1753314124,Electronics,Vendor E,2025-07-23 18:42:04.372535,,,
Product_1753314129,Toys,Vendor C,2025-07-23 18:42:09.381648,,,
Product_1753314134,Electronics,Vendor E,2025-07-23 18:42:14.416925,,,
Product_1753314139,Clothing,Vendor E,2025-07-23 18:42:19.422970,,,
Product_1753314144,Grocery,Vendor E,2025-07-23 18:42:24.433035,,,
Product_1753314149,Grocery,Vendor D,2025-07-23 18:42:29.439769,,,
Product_1753314154,Electronics,Vendor E,2025-07-23 18:42:34.470498,,,
Product_1753314159,Books,Vendor A,2025-07-23 18:42:39.480867,,,
Product_1753314164,Grocery,Vendor D,2025-07-23 18:42:44.491924,,,
Product_1753314169,Toys,Vendor B,2025-07-23 18:42:49.502228,,,
Product_1753314174,Clothing,Vendor E,2025-07-23 18:42:54.513725,,,
Product_1753314179,Electronics,Vendor A,2025-07-23 18:42:59.524306,,,
Product_1753314184,Grocery,Vendor D,2025-07-23 18:43:04.544759,,,
Product_1753314189,Grocery,Vendor B,2025-07-23 18:43:09.554340,,,
Product_1753314194,Electronics,Vendor B,2025-07-23 18:43:14.565363,,,
Product_1753314199,Toys,Vendor E,2025-07-23 18:43:19.574280,,,
Product_1753314204,Toys,Vendor D,2025-07-23 18:43:24.585782,,,
Product_1753314209,Books,Vendor D,2025-07-23 18:43:29.591337,,,
Product_1753314214,Books,Vendor C,2025-07-23 18:43:34.603271,,,
Product_1753314219,Clothing,Vendor D,2025-07-23 18:43:39.634486,,,
Product_1753314224,Clothing,Vendor D,2025-07-23 18:43:44.681014,,,
Product_1753314229,Toys,Vendor D,2025-07-23 18:43:49.728561,,,
Product_1753314234,Clothing,Vendor B,2025-07-23 18:43:54.734515,,,
Product_1753314239,Toys,Vendor A,2025-07-23 18:43:59.748427,,,
Product_1753314244,Electronics,Vendor C,2025-07-23 18:44:04.767945,,,
Product_1753314249,Toys,Vendor E,2025-07-23 18:44:09.838473,,,
Product_1753314254,Grocery,Vendor C,2025-07-23 18:44:14.909592,,,
Product_1753314259,Books,Vendor B,2025-07-23 18:44:19.919815,,,
Product_1753314264,Books,Vendor B,2025-07-23 18:44:24.926756,,,
Product_1753314269,Clothing,Vendor B,2025-07-23 18:44:29.933708,,,
Product_1753314603,Clothing,Vendor D,2025-07-23 18:50:03.672494,,,
Product_1753314608,Grocery,Vendor A,2025-07-23 18:50:08.793181,,,
Product_1753314613,Electronics,Vendor E,2025-07-23 18:50:13.808570,,,
Product_1753314618,Clothing,Vendor D,2025-07-23 18:50:18.820427,,,
Product_1753314623,Clothing,Vendor B,2025-07-23 18:50:23.831028,,,
Product_1753314628,Toys,Vendor B,2025-07-23 18:50:28.842483,,,
Product_1753314633,Grocery,Vendor A,2025-07-23 18:50:33.850169,,,
Product_1753314638,Toys,Vendor B,2025-07-23 18:50:38.865864,,,
Product_1753314643,Grocery,Vendor B,2025-07-23 18:50:43.875823,,,
Product_1753314648,Electronics,Vendor B,2025-07-23 18:50:48.887106,,,
Product_1753314653,Toys,Vendor A,2025-07-23 18:50:53.897865,,,
Product_1753314658,Clothing,Vendor E,2025-07-23 18:50:58.913272,,,
Product_1753314663,Electronics,Vendor E,2025-07-23 18:51:03.924917,,,
Product_1753314668,Grocery,Vendor E,2025-07-23 18:51:08.949986,,,
Product_1753314674,Toys,Vendor B,2025-07-23 18:51:14.025524,,,
Product_1753314679,Books,Vendor C,2025-07-23 18:51:19.036332,,,
Product_1753315262,Clothing,Vendor B,2025-07-23 19:01:02.711067,,,
Product_1753315268,Books,Vendor C,2025-07-23 19:01:08.644715,,,
Product_1753315273,Grocery,Vendor B,2025-07-23 19:01:13.751693,,,
Product_1753315288,Electronics,Vendor C,2025-07-23 19:01:28.632008,,,
Product_1753315294,Toys,Vendor D,2025-07-23 19:01:34.419117,,,
Product_1753315299,Grocery,Vendor B,2025-07-23 19:01:39.473450,,,
Product_1753315304,Electronics,Vendor A,2025-07-23 19:01:44.482970,,,
Product_1753315309,Toys,Vendor C,2025-07-23 19:01:49.495842,,,
Product_1753315314,Books,Vendor D,2025-07-23 19:01:54.517954,,,
Product_1753315319,Grocery,Vendor B,2025-07-23 19:01:59.527134,,,
Product_1753315324,Books,Vendor A,2025-07-23 19:02:04.537148,,,
Product_1753315329,Electronics,Vendor C,2025-07-23 19:02:09.611911,,,
Product_1753315334,Electronics,Vendor A,2025-07-23 19:02:14.658583,,,
Product_1753315339,Clothing,Vendor C,2025-07-23 19:02:19.947842,,,
Product_1753315344,Toys,Vendor B,2025-07-23 19:02:24.954721,,,
Product_1753315349,Grocery,Vendor B,2025-07-23 19:02:29.963510,,,
Product_1753315355,Grocery,Vendor A,2025-07-23 19:02:35.001510,,,
Product_1753315360,Grocery,Vendor A,2025-07-23 19:02:40.124897,,,
Product_1753315365,Clothing,Vendor A,2025-07-23 19:02:45.315652,,,
Product_1753315370,Toys,Vendor E,2025-07-23 19:02:50.320775,,,
Product_1753315375,Grocery,Vendor D,2025-07-23 19:02:55.327151,,,
Product_1753315380,Toys,Vendor C,2025-07-23 19:03:00.337154,,,
Product_1753315385,Grocery,Vendor E,2025-07-23 19:03:05.347037,,,
Product_1753315390,Clothing,Vendor C,2025-07-23 19:03:10.361334,,,
Product_1753315395,Books,Vendor C,2025-07-23 19:03:15.398482,,,
Product_1753315400,Grocery,Vendor C,2025-07-23 19:03:20.484495,,,
Product_1753315405,Books,Vendor A,2025-07-23 19:03:25.533242,,,
Product_1753315410,Toys,Vendor D,2025-07-23 19:03:30.539566,,,
Product_1753315415,Electronics,Vendor D,2025-07-23 19:03:35.546242,,,
Product_1753315420,Electronics,Vendor C,2025-07-23 19:03:40.558193,,,
Product_1753315425,Electronics,Vendor E,2025-07-23 19:03:45.564314,,,
Product_1753315430,Clothing,Vendor C,2025-07-23 19:03:50.571577,,,
Product_1753315435,Toys,Vendor A,2025-07-23 19:03:55.594689,,,
Product_1753315440,Grocery,Vendor E,2025-07-23 19:04:00.657055,,,
Product_1753315445,Grocery,Vendor C,2025-07-23 19:04:05.895186,,,
Product_1753315450,Clothing,Vendor D,2025-07-23 19:04:10.901844,,,
Product_1753315455,Electronics,Vendor E,2025-07-23 19:04:15.977157,,,
Product_1753315460,Books,Vendor E,2025-07-23 19:04:20.981727,,,
Product_1753315466,Toys,Vendor A,2025-07-23 19:04:26.058255,,,
Product_1753315471,Grocery,Vendor B,2025-07-23 19:04:31.082334,,,
Product_1753315476,Books,Vendor D,2025-07-23 19:04:36.411213,,,
Product_1753315481,Electronics,Vendor C,2025-07-23 19:04:41.422974,,,
Product_1753315486,Electronics,Vendor D,2025-07-23 19:04:46.556165,,,
Product_1753315491,Clothing,Vendor C,2025-07-23 19:04:51.952208,,,
Product_1753315496,Books,Vendor D,2025-07-23 19:04:56.962231,,,
Product_1753315501,Grocery,Vendor C,2025-07-23 19:05:01.980042,,,
Product_1753315506,Electronics,Vendor D,2025-07-23 19:05:06.987653,,,
Product_1753315512,Books,Vendor D,2025-07-23 19:05:12.158771,,,
Product_1753315517,Books,Vendor E,2025-07-23 19:05:17.238036,,,
Product_1753315523,Clothing,Vendor B,2025-07-23 19:05:23.309672,,,
Product_1753315528,Clothing,Vendor D,2025-07-23 19:05:28.419814,,,
Product_1753315533,Grocery,Vendor C,2025-07-23 19:05:33.777583,,,
Product_1753315538,Books,Vendor B,2025-07-23 19:05:38.784505,,,
Product_1753315543,Grocery,Vendor E,2025-07-23 19:05:43.795234,,,
Product_1753315548,Books,Vendor A,2025-07-23 19:05:48.800542,,,
Product_1753315553,Grocery,Vendor C,2025-07-23 19:05:53.838288,,,
Product_1753315559,Electronics,Vendor E,2025-07-23 19:05:59.012368,,,
Product_1753315564,Clothing,Vendor C,2025-07-23 19:06:04.017619,,,
Product_1753315569,Toys,Vendor E,2025-07-23 19:06:09.023718,,,
Product_1753315574,Grocery,Vendor A,2025-07-23 19:06:14.030685,,,
Product_1753315579,Grocery,Vendor B,2025-07-23 19:06:19.044081,,,
Product_1753315584,Books,Vendor C,2025-07-23 19:06:24.062005,,,
Product_1753315589,Clothing,Vendor A,2025-07-23 19:06:29.067563,,,
Product_1753315594,Clothing,Vendor A,2025-07-23 19:06:34.073030,,,
Product_1753315599,Electronics,Vendor A,2025-07-23 19:06:39.077625,,,
Product_1753315604,Toys,Vendor E,2025-07-23 19:06:44.083597,,,
Product_1753315609,Grocery,Vendor B,2025-07-23 19:06:49.093133,,,
Product_1753315614,Grocery,Vendor D,2025-07-23 19:06:54.100509,,,
Product_1753315619,Electronics,Vendor D,2025-07-23 19:06:59.131714,,,
Product_1753315624,Grocery,Vendor A,2025-07-23 19:07:04.138178,,,
Product_1753315629,Toys,Vendor B,2025-07-23 19:07:09.144358,,,
Product_1753315634,Toys,Vendor B,2025-07-23 19:07:14.150006,,,
Product_1753315639,Grocery,Vendor D,2025-07-23 19:07:19.158586,,,
Product_1753315644,Grocery,Vendor C,2025-07-23 19:07:24.171814,,,
Product_1753315649,Books,Vendor C,2025-07-23 19:07:29.197952,,,
Product_1753315654,Clothing,Vendor B,2025-07-23 19:07:34.240661,,,
Product_1753315659,Clothing,Vendor E,2025-07-23 19:07:39.251319,,,
Product_1753315664,Clothing,Vendor C,2025-07-23 19:07:44.256506,,,
Product_1753315669,Grocery,Vendor B,2025-07-23 19:07:49.267265,,,
Product_1753315674,Books,Vendor D,2025-07-23 19:07:54.273061,,,
Product_1753315679,Grocery,Vendor B,2025-07-23 19:07:59.433475,,,
Product_1753315684,Toys,Vendor E,2025-07-23 19:08:04.588664,,,
Product_1753315689,Clothing,Vendor C,2025-07-23 19:08:09.619808,,,
Product_1753315694,Grocery,Vendor E,2025-07-23 19:08:14.643373,,,
Product_1753315699,Toys,Vendor E,2025-07-23 19:08:19.651647,,,
Product_1753315704,Electronics,Vendor B,2025-07-23 19:08:24.663787,,,
Product_1753315709,Electronics,Vendor E,2025-07-23 19:08:29.675181,,,
Product_1753315714,Electronics,Vendor E,2025-07-23 19:08:34.688753,,,
Product_1753315719,Toys,Vendor E,2025-07-23 19:08:39.700591,,,
Product_1753315725,Clothing,Vendor C,2025-07-23 19:08:45.856603,,,
Product_1753315730,Clothing,Vendor E,2025-07-23 19:08:50.863202,,,
Product_1753315735,Toys,Vendor D,2025-07-23 19:08:55.874704,,,
Product_1753315740,Electronics,Vendor D,2025-07-23 19:09:00.885911,,,
Product_1753315745,Grocery,Vendor A,2025-07-23 19:09:05.890996,,,
Product_1753315750,Toys,Vendor B,2025-07-23 19:09:10.897186,,,
Product_1753315755,Electronics,Vendor D,2025-07-23 19:09:15.902630,,,
Product_1753315760,Books,Vendor B,2025-07-23 19:09:20.907228,,,
Product_1753316267,Grocery,Vendor B,2025-07-23 19:17:47.942162,,,
Product_1753316273,Grocery,Vendor C,2025-07-23 19:17:53.124253,,,
Product_1753316278,Electronics,Vendor A,2025-07-23 19:17:58.130202,,,
Product_1753316283,Toys,Vendor C,2025-07-23 19:18:03.137271,,,
Product_1753316288,Clothing,Vendor A,2025-07-23 19:18:08.146617,,,
Product_1753316293,Books,Vendor D,2025-07-23 19:18:13.175738,,,
Product_1753316298,Toys,Vendor E,2025-07-23 19:18:18.201959,,,
Product_1753316303,Toys,Vendor D,2025-07-23 19:18:23.211815,,,
Product_1753316308,Toys,Vendor B,2025-07-23 19:18:28.225226,,,
Product_1753316313,Toys,Vendor A,2025-07-23 19:18:33.233229,,,
Product_1753316318,Grocery,Vendor D,2025-07-23 19:18:38.245696,,,
Product_1753316323,Grocery,Vendor D,2025-07-23 19:18:43.250331,,,
Product_1753316328,Books,Vendor B,2025-07-23 19:18:48.256182,,,
Product_1753316333,Toys,Vendor E,2025-07-23 19:18:53.263436,,,
Product_1753316338,Clothing,Vendor E,2025-07-23 19:18:58.269844,,,
Product_1753316343,Electronics,Vendor D,2025-07-23 19:19:03.285359,,,
Product_1753316348,Grocery,Vendor A,2025-07-23 19:19:08.299631,,,
Product_1753316353,Books,Vendor A,2025-07-23 19:19:13.310121,,,
Product_1753316358,Books,Vendor C,2025-07-23 19:19:18.323906,,,
Product_1753316363,Toys,Vendor D,2025-07-23 19:19:23.337306,,,
Product_1753316368,Electronics,Vendor E,2025-07-23 19:19:28.348402,,,
Product_1753316373,Books,Vendor A,2025-07-23 19:19:33.359373,,,
Product_1753316378,Toys,Vendor D,2025-07-23 19:19:38.485549,,,
Product_1753316383,Books,Vendor E,2025-07-23 19:19:43.498022,,,
Product_1753316388,Books,Vendor C,2025-07-23 19:19:48.504516,,,
Product_1753316393,Grocery,Vendor C,2025-07-23 19:19:53.510160,,,
Product_1753316398,Toys,Vendor A,2025-07-23 19:19:58.521547,,,
Product_1753316403,Books,Vendor B,2025-07-23 19:20:03.527434,,,
Product_1753316408,Toys,Vendor B,2025-07-23 19:20:08.533660,,,
Product_1753316413,Books,Vendor E,2025-07-23 19:20:13.539699,,,
Product_1753316418,Grocery,Vendor C,2025-07-23 19:20:18.617030,,,
Product_1753316423,Books,Vendor C,2025-07-23 19:20:23.710344,,,
Product_1753316428,Electronics,Vendor E,2025-07-23 19:20:28.722226,,,
Product_1753316433,Clothing,Vendor B,2025-07-23 19:20:33.732514,,,
Product_1753316438,Books,Vendor E,2025-07-23 19:20:38.744012,,,
Product_1753316443,Clothing,Vendor C,2025-07-23 19:20:43.749418,,,
Product_1753316448,Electronics,Vendor B,2025-07-23 19:20:48.760236,,,
Product_1753316453,Books,Vendor C,2025-07-23 19:20:53.768180,,,
Product_1753316458,Electronics,Vendor E,2025-07-23 19:20:58.879365,,,
Product_1753316463,Electronics,Vendor C,2025-07-23 19:21:03.887287,,,
Product_1753316468,Grocery,Vendor C,2025-07-23 19:21:08.896242,,,
Product_1753316759,Books,,2025-07-23 19:25:59.294800,,,
Product_1753316764,Toys,,2025-07-23 19:26:04.750953,,,
Product_1753316769,Books,,2025-07-23 19:26:09.779708,,,
Product_1753316774,Grocery,,2025-07-23 19:26:14.785900,,,
Product_1753316779,Toys,,2025-07-23 19:26:19.794877,,,
Product_1753316784,Clothing,,2025-07-23 19:26:24.800585,,,
Product_1753316789,Toys,,2025-07-23 19:26:29.810793,,,
Product_1753316794,Toys,,2025-07-23 19:26:34.817054,,,
Product_1753316799,Grocery,,2025-07-23 19:26:39.822272,,,
Product_1753316804,Electronics,,2025-07-23 19:26:44.832980,,,
Product_1753317018,Books,,2025-07-23 19:30:18.811138,,,
Product_1753317024,Toys,,2025-07-23 19:30:24.120664,,,
Product_1753317029,Books,,2025-07-23 19:30:29.175096,,,
Product_1753317034,Electronics,,2025-07-23 19:30:34.216987,,,
Product_1753317039,Grocery,,2025-07-23 19:30:39.248269,,,
Product_1753317044,Electronics,,2025-07-23 19:30:44.257727,,,
Product_1753317049,Clothing,,2025-07-23 19:30:49.263229,,,
Product_1753317054,Books,,2025-07-23 19:30:54.459961,,,
Product_1753317059,Books,,2025-07-23 19:30:59.481578,,,
Product_1753317064,Toys,,2025-07-23 19:31:04.494305,,,
Product_1753317070,Grocery,,2025-07-23 19:31:10.009810,,,
Product_1753317075,Toys,,2025-07-23 19:31:15.021813,,,
Product_1753317080,Grocery,,2025-07-23 19:31:20.027025,,,
Product_1753317085,Books,,2025-07-23 19:31:25.041545,,,
Product_1753317090,Grocery,,2025-07-23 19:31:30.094223,,,
Product_1753317095,Electronics,,2025-07-23 19:31:35.102592,,,
Product_1753317100,Electronics,,2025-07-23 19:31:40.112044,,,
Product_1753317105,Grocery,,2025-07-23 19:31:45.117154,,,
Product_1753317110,Clothing,,2025-07-23 19:31:50.128719,,,
Product_1753317115,Clothing,,2025-07-23 19:31:55.134067,,,
Product_1753317120,Books,,2025-07-23 19:32:00.139327,,,
Product_1753317125,Electronics,,2025-07-23 19:32:05.151033,,,
Product_1753317130,Clothing,,2025-07-23 19:32:10.379162,,,
Product_1753317136,Electronics,,2025-07-23 19:32:16.170882,,,
Product_1753317141,Grocery,,2025-07-23 19:32:21.187881,,,
Product_1753317146,Clothing,,2025-07-23 19:32:26.197481,,,
Product_1753317151,Books,,2025-07-23 19:32:31.203684,,,
Product_1753317156,Books,,2025-07-23 19:32:36.209687,,,
Product_1753317161,Grocery,,2025-07-23 19:32:41.216586,,,
Product_1753317166,Grocery,,2025-07-23 19:32:46.228404,,,
Product_1753317171,Electronics,,2025-07-23 19:32:51.240009,,,
Product_1753317176,Books,,2025-07-23 19:32:56.253919,,,
Product_1753317181,Clothing,,2025-07-23 19:33:01.445084,,,
Product_1753317186,Grocery,,2025-07-23 19:33:06.457263,,,
